id,name,honorific_prefix,area,area_id,party_id,party,executive,source,email,image,term
Ben_Smith,Ben Smith,"",Southampton West Central,31,OBA,OBA,Shadow Minister of Sport & Youth Development,"",,,2017
Christopher_Famous,Christopher Famous,"",Devonshire East,11,PLP,PLP,"",http://www.parliament.bm/Christopher_Famous.aspx,cfamous@parliament.bm,http://www.parliament.bm/uploadedImages/Content/About_Parliament/House_of_Assembly/Members_of_Parliament/8330_HOA_MEMBERS_PARLIAMENT_SENATORS_PORTRAIT_VSR_CHRISTOPHER_FAMOUS_015.jpg,2017
Cole_Simons,N. Cole Simons,"",Smiths South,08,OBA,OBA,Shadow Minister of Education,http://www.parliament.bm/Cole_Simons.aspx,nsimons@parliament.bm,"http://www.parliament.bm/uploadedImages/Image_Gallery/SIMONS,%20N.H.%20COLE(2).jpg",2017
Craig_Cannonier,Craig Cannonier,"",Devonshire South Central,12,OBA,OBA,"",http://www.parliament.bm/Craig_Cannonier.aspx,ccannionier@gov.bm,http://www.parliament.bm/uploadedImages/Image_Gallery/3216HOACRAIGCANNON7EE40(1).jpg,2017
David_Burch,David Burch,Lt. Col,Warwick North Central,27,PLP,PLP,Minister of Public Works,http://www.parliament.bm/David_Burch.aspx,dburch@parliament.bm,"",2017
Dennis_Lister,Dennis Lister,"",Sandys North Central,35,PLP,PLP,Speaker of the House of Assembly,http://www.parliament.bm/Dennis_Lister.aspx,dlister@parliament.bm,"http://www.parliament.bm/uploadedImages/Image_Gallery/LISTER,%20DENNIS.jpeg",2017
Dennis_Lister_III,Dennis Lister III,"",Warwick West,28,PLP,PLP,"",http://www.parliament.bm/Dennis_Lister_III.aspx,dlister3@parliament.bm,http://www.parliament.bm/uploadedImages/Content/About_Parliament/House_of_Assembly/Members_of_Parliament/Dennis-Lister%20III.jpg,2017
Derrick_Burgess,Derrick Burgess,"",Hamilton East,05,PLP,PLP,Deputy Speaker of the House of Assembly,http://www.parliament.bm/Derrick_Burgess.aspx,dburgess@parliament.bm,http://www.parliament.bm/uploadedImages/Image_Gallery/BURGESS2c%20D%2008.jpg,2017
Diallo_Rabain_MP,Diallo Rabain,"",Devonshire North Central,13,PLP,PLP,Minister of Education,http://www.parliament.bm/Diallo_Rabain_MP.aspx,drabain@parliament.bm,http://www.parliament.bm/uploadedImages/Content/About_Parliament/House_of_Assembly/Members_of_Parliament/Diallo%20rabain%20Resized.jpg,2017
E._David_Burt,David Burt,"",Pembroke West Central,18,PLP,PLP,Premier and Minister of Finance,http://www.parliament.bm/E._David_Burt.aspx,dburt@parliament.bm,http://www.parliament.bm/uploadedImages/Content/About_Parliament/Senate/Members_of_Senate/2243CABSENATORSFO27F4E3.jpeg,2017
Jeanne_Atherden,Jeanne Atherden,"",Pembroke West,19,OBA,OBA,Opposition Leader,http://www.parliament.bm/Jeanne_Atherden.aspx,jatherden@parliament.bm,http://www.parliament.bm/uploadedImages/Content/About_Parliament/House_of_Assembly/Members_of_Parliament/Jeanne%20Atherden%202.jpg,2017
Kim_Swan_,Kim Swan,"",St. George's West,02,PLP,PLP,"",http://www.parliament.bm/Kim_Swan_.aspx,kswan@parliament.bm,http://www.parliament.bm/uploadedImages/Content/About_Parliament/House_of_Assembly/Members_of_Parliament/8330_HOA_MEMBERS_PARLIAMENT_SENATORS_PORTRAIT_VSR_KIM_SWAN%20-%20Resized(1).jpg,2017
Lavita_Foggo,Lovitta Foggo,"",St. David's,03,PLP,PLP,Minister of Government Reform,http://www.parliament.bm/Lavita_Foggo.aspx,lfoggo@parliament.bm,http://www.parliament.bm/uploadedImages/Content/About_Parliament/House_of_Assembly/Members_of_Parliament/Lovitta%20Foggo%20Resized(1).jpg,2017
Lawrence_Scott,Lawrence Scott,"",Warwick South East,24,PLP,PLP,"",http://www.parliament.bm/Lawrence_Scott.aspx,lwscott@parliament.bm,http://www.parliament.bm/uploadedImages/Image_Gallery/LAWRENCE%20SCOTT.jpg,2017
Leah_Scott,Leah Scott,"",Southampton East Central,30,OBA,OBA,Deputy Opposition Leader,http://www.parliament.bm/Leah_Scott.aspx,lkscott@parliament.bm,http://www.parliament.bm/uploadedImages/Image_Gallery/SCOTT%20LEAH.jpg,2017
Michael_Scott,Michael Scott,"",Sandys North,36,PLP,PLP,"",http://www.parliament.bm/Michael_Scott.aspx,mscott@parliament.bm,"http://www.parliament.bm/uploadedImages/Image_Gallery/SCOTT,%20MICHAEL(1).jpg",2017
Michael_Weeks,Michael Weeks,"",Pembroke East Central,16,PLP,PLP,Minister of Social Development & Sport,http://www.parliament.bm/Michael_Weeks.aspx,mweeks@parliament.bm,http://www.parliament.bm/uploadedImages/Image_Gallery/WEEKS%20MICHAEL.jpg,2017
Mr._Jamahl_S._Simmons,Jamahl Simmons,"",Sandys South,33,PLP,PLP,Minister of Economic Development,http://www.parliament.bm/Mr._Jamahl_S._Simmons.aspx,jsimmons@parliament.bm,http://www.parliament.bm/uploadedImages/Content/About_Parliament/House_of_Assembly/Members_of_Parliament/Jamahl%20Simmons%20resized.jpg,2017
Mr._Michael_Dunkle,Michael Dunkley,"",Smiths North,10,OBA,OBA,Shadow Minister of National Security,http://www.parliament.bm/Mr._Michael_Dunkle.aspx,mdunkley@parliament.bm,http://www.parliament.bm/uploadedImages/Image_Gallery/DUNKELY%20MICHAEL.jpg,2017
Mr_Neville_Tyrrell,Neville Tyrrell,"",Warwick South Central,26,PLP,PLP,"",http://www.parliament.bm/Mr_Neville_Tyrrell.aspx,ntyrrell@parliament.bm,http://www.parliament.bm/uploadedImages/Content/About_Parliament/House_of_Assembly/Members_of_Parliament/Neville%20Tyrell.jpg,2017
Mrs._Kim_Wilson,Kim Wilson,"",Sandys South Central,34,PLP,PLP,Minister of Health,http://www.parliament.bm/Mrs._Kim_Wilson.aspx,kwilson@parliament.bm,http://www.parliament.bm/uploadedImages/Content/About_Parliament/House_of_Assembly/Members_of_Parliament/K%20Wilson%20Resized.jpg,2017
Patricia_Gordon_Pamplin,Patricia Gordon Pamplin,"",Paget West,23,OBA,OBA,"",http://www.parliament.bm/Patricia_Gordon_Pamplin.aspx,ppamplin@parliament.bm,http://www.parliament.bm/uploadedImages/Image_Gallery/GORDON%20PAMPLIN.jpg,2017
Renee_Ming_MP,Renee Ming,"",St. George's North,01,PLP,PLP,"",http://www.parliament.bm/Renee_Ming_MP.aspx,rming@parliament.bm,http://www.parliament.bm/uploadedImages/Image_Gallery/Senate_Picture/Mrs.%20Renne%20Ming.jpg,2017
Rolfe_Commissiong,Rolfe Commissiong,"",Pembroke South East,21,PLP,PLP,"",http://www.parliament.bm/Rolfe_Commissiong.aspx,rcommissiong@parliament.bm,http://www.parliament.bm/uploadedImages/Image_Gallery/COMMISSIONG%20ROLFE.jpg,2017
Scott_Simmons,Scott Simmons,"",Southampton West,32,PLP,PLP,"","",,,2017
Susan_Jackson,Susan Jackson,"",Pembroke South West,20,OBA,OBA,Shadow Minister of Health & Seniors,http://www.parliament.bm/Susan_Jackson.aspx,sjackson@parliament.bm,http://www.parliament.bm/uploadedImages/Image_Gallery/4267_CAB_MP_JACKSON_SUSAN_VSR_003%20copy.jpg,2017
Sylvan_Richards_,Sylvan Richards Jr.,"",Hamilton South,07,OBA,OBA,"",http://www.parliament.bm/Sylvan_Richards_.aspx,srichards@parliament.bm,http://www.parliament.bm/uploadedImages/Content/About_Parliament/House_of_Assembly/Members_of_Parliament/5335_HOA_MINISTER_SYLVAN_RICHARDS_CONFERENCE_PHOTO_VSR_015(1).jpg,2017
Tinee_Furbert_MP,Tinee Furbert,"",St. George's South,04,PLP,PLP,Junior Minister of Disability Affairs,http://www.parliament.bm/Tinee_Furbert_MP.aspx,tfurbert@parliament.bm,http://www.parliament.bm/uploadedImages/Content/About_Parliament/House_of_Assembly/Members_of_Parliament/Tinee%20Furbert.jpg,2017
Trevor_Moniz,Trevor Moniz,"",Smiths West,09,OBA,OBA,Shadow Attorney General,http://www.parliament.bm/Trevor_Moniz.aspx,tmoniz@parliament.bm,http://www.parliament.bm/uploadedImages/Image_Gallery/MONIZ%20TREVOR.jpg,2017
Vacant,Vacant,"",Warwick North East,25,Independent,Independent,"","",,,2017
Walter_Roban,Walter Roban,"",Pembroke East,15,PLP,PLP,Minister of Transportation,http://www.parliament.bm/Walter_Roban.aspx,wroban@parliament.bm,http://www.parliament.bm/uploadedImages/Image_Gallery/8154_CAB_MINISTERS_OFFICAL_PORTRAIT_VSR_WALTER_ROBAN_041.jpg,2017
Walton_Brown,Walton Brown,"",Pembroke Central,17,PLP,PLP,Minister of Home Affairs,http://www.parliament.bm/Walton_Brown.aspx,wbrown@parliament.bm,http://www.parliament.bm/uploadedImages/Content/About_Parliament/House_of_Assembly/Members_of_Parliament/Walton%20Brown%20resized.jpg,2017
Wayne_Caines,Wayne Caines,"",Devonshire North West,14,PLP,PLP,Minister of National Security,http://www.parliament.bm/Wayne_Caines.aspx,wcaines@parliament.bm,http://www.parliament.bm/uploadedImages/Content/About_Parliament/House_of_Assembly/Members_of_Parliament/Wayne%20Caines%20resized.jpg,2017
Wayne_Furbert,Wayne Furbert,"",Hamilton West,06,PLP,PLP,Junior Minister of Finance,http://www.parliament.bm/Wayne_Furbert.aspx,wfurbert@parliament.bm,http://www.parliament.bm/uploadedImages/Image_Gallery/WAYNE%20FURBERT%2006.jpg,2017
Zane_Desilva,Zane De Silva,"",Southampton East,29,PLP,PLP,"",http://www.parliament.bm/Zane_Desilva.aspx,zdesilva@parliament.bm,http://www.parliament.bm/uploadedImages/Content/About_Parliament/House_of_Assembly/Members_of_Parliament/Z%20De%20Silva%20resized.jpg,2017
