id,name,sort_name,family_name,given_name,party,party_id,phone,email,image,source,term,constituency
P202,Cynthia Elizabeth Tarragó Díaz,"Tarragó Díaz, Cynthia Elizabeth",Tarragó Díaz,Cynthia Elizabeth,ANR,ANR,414 - 4314,[email protected],http://www.diputados.gov.py/fotos/cv/P202.jpg,http://www.diputados.gov.py/ww1/?pagina=cv&id=202,2013,Capital
P203,Dany Edgar Xavier Durand Espínola,"Durand Espínola, Dany Edgar Xavier",Durand Espínola,Dany Edgar Xavier,ANR,ANR,414 - 4315,[email protected],http://www.diputados.gov.py/fotos/cv/P203.jpg,http://www.diputados.gov.py/ww1/?pagina=cv&id=203,2013,Capital
P205,Andrés Retamozo Ortíz,"Retamozo Ortíz, Andrés",Retamozo Ortíz,Andrés,ANR,ANR,414 - 4317,[email protected],http://www.diputados.gov.py/fotos/cv/P205.jpg,http://www.diputados.gov.py/ww1/?pagina=cv&id=205,2013,Alto Paran
P206,Carlos Manuel Maggi Rolón,"Maggi Rolón, Carlos Manuel",Maggi Rolón,Carlos Manuel,ANR,ANR,414 - 4318,[email protected],http://www.diputados.gov.py/fotos/cv/P206.jpg,http://www.diputados.gov.py/ww1/?pagina=cv&id=206,2013,San Pedro
P207,Atilio Penayo Ortega,"Penayo Ortega, Atilio",Penayo Ortega,Atilio,ANR,ANR,414 - 4319,[email protected],http://www.diputados.gov.py/fotos/cv/P207.jpg,http://www.diputados.gov.py/ww1/?pagina=cv&id=207,2013,Central
P208,Jorge Ignacio Baruja Fernández,"Baruja Fernández, Jorge Ignacio",Baruja Fernández,Jorge Ignacio,ANR,ANR,414 - 4320,[email protected],http://www.diputados.gov.py/fotos/cv/P208.jpg,http://www.diputados.gov.py/ww1/?pagina=cv&id=208,2013,Paraguar
P209,Alsimio Casco Ayala,"Casco Ayala, Alsimio",Casco Ayala,Alsimio,ANR,ANR,414 - 4321,[email protected],http://www.diputados.gov.py/fotos/cv/P209.jpg,http://www.diputados.gov.py/ww1/?pagina=cv&id=209,2013,Concepcin
P210,Freddy Tadeo D Ecclesiis Giménez,"D Ecclesiis Giménez, Freddy Tadeo",D Ecclesiis Giménez,Freddy Tadeo,ANR,ANR,414 - 4322,[email protected],http://www.diputados.gov.py/fotos/cv/P210.jpg,http://www.diputados.gov.py/ww1/?pagina=cv&id=210,2013,San Pedro
P211,Mario Duilio Cáceres González,"Cáceres González, Mario Duilio",Cáceres González,Mario Duilio,ANR,ANR,414 - 4343,[email protected],http://www.diputados.gov.py/fotos/cv/P211.jpg,http://www.diputados.gov.py/ww1/?pagina=cv&id=211,2013,Itapa
P212,Bernardo Villalba Cardozo,"Villalba Cardozo, Bernardo",Villalba Cardozo,Bernardo,ANR,ANR,414 - 4324,[email protected],http://www.diputados.gov.py/fotos/cv/P212.jpg,http://www.diputados.gov.py/ww1/?pagina=cv&id=212,2013,Concepcin
P213,Hugo Adalberto Velázquez Moreno,"Velázquez Moreno, Hugo Adalberto",Velázquez Moreno,Hugo Adalberto,ANR,ANR,414 - 4305/6,[email protected],http://www.diputados.gov.py/fotos/cv/P213.jpg,http://www.diputados.gov.py/ww1/?pagina=cv&id=213,2013,Central
P214,Julio Javier Ríos Bogado,"Ríos Bogado, Julio Javier",Ríos Bogado,Julio Javier,ANR,ANR,414 - 4326,[email protected],http://www.diputados.gov.py/fotos/cv/P214.jpg,http://www.diputados.gov.py/ww1/?pagina=cv&id=214,2013,Capital
P215,José María Ibañez Benítez,"Ibañez Benítez, José María",Ibañez Benítez,José María,ANR,ANR,414 - 4327,[email protected],http://www.diputados.gov.py/fotos/cv/P215.jpg,http://www.diputados.gov.py/ww1/?pagina=cv&id=215,2013,Central
P216,Pablino Acasio Rodriguez Arias,"Rodriguez Arias, Pablino Acasio",Rodriguez Arias,Pablino Acasio,ANR,ANR,414 - 4328,[email protected],http://www.diputados.gov.py/fotos/cv/P216.jpg,http://www.diputados.gov.py/ww1/?pagina=cv&id=216,2013,Misiones
P217,Maria Rocio Casco Arce,"Casco Arce, Maria Rocio",Casco Arce,Maria Rocio,AP,AP,414 - 4206,[email protected],http://www.diputados.gov.py/fotos/cv/P217.jpg,http://www.diputados.gov.py/ww1/?pagina=cv&id=217,2013,Central
P218,Carlos Alberto Nuñez Salinas,"Nuñez Salinas, Carlos Alberto",Nuñez Salinas,Carlos Alberto,ANR,ANR,414 - 4202,[email protected],http://www.diputados.gov.py/fotos/cv/P218.jpg,http://www.diputados.gov.py/ww1/?pagina=cv&id=218,2013,Central
P219,Mario Walberto Soto Estigarribia,"Soto Estigarribia, Mario Walberto",Soto Estigarribia,Mario Walberto,ANR,ANR,414 - 4203,[email protected],http://www.diputados.gov.py/fotos/cv/P219.jpg,http://www.diputados.gov.py/ww1/?pagina=cv&id=219,2013,Caaguaz
P220,Celso Troche Alvarez,"Troche Alvarez, Celso",Troche Alvarez,Celso,ANR,ANR,414 - 4204,[email protected],http://www.diputados.gov.py/fotos/cv/P220.jpg,http://www.diputados.gov.py/ww1/?pagina=cv&id=220,2013,Caazap
P221,José Domingo Adorno Mazacotte,"Adorno Mazacotte, José Domingo",Adorno Mazacotte,José Domingo,ANR,ANR,414 - 4205,[email protected],http://www.diputados.gov.py/fotos/cv/P221.jpg,http://www.diputados.gov.py/ww1/?pagina=cv&id=221,2013,Alto Paraguay
P222,Aldo Efrain Vera Arnold,"Vera Arnold, Aldo Efrain",Vera Arnold,Aldo Efrain,AP,AP,414 - 4201,[email protected],http://www.diputados.gov.py/fotos/cv/P222.jpg,http://www.diputados.gov.py/ww1/?pagina=cv&id=222,2013,Capital
P223,Nestor Fabián Ferrer Miranda,"Ferrer Miranda, Nestor Fabián",Ferrer Miranda,Nestor Fabián,ANR,ANR,414 - 4185,[email protected],http://www.diputados.gov.py/fotos/cv/P223.jpg,http://www.diputados.gov.py/ww1/?pagina=cv&id=223,2013,Central
P224,Félix Fernando Ortellado Zorrilla,"Ortellado Zorrilla, Félix Fernando",Ortellado Zorrilla,Félix Fernando,ANR,ANR,414 - 4208,[email protected],http://www.diputados.gov.py/fotos/cv/P224.jpg,http://www.diputados.gov.py/ww1/?pagina=cv&id=224,2013,Guair
P225,Luis Alberto Larré Del Puerto,"Larré Del Puerto, Luis Alberto",Larré Del Puerto,Luis Alberto,ANR,ANR,414 - 4209,[email protected],http://www.diputados.gov.py/fotos/cv/P225.jpg,http://www.diputados.gov.py/ww1/?pagina=cv&id=225,2013,Itapa
P226,Del Pilar Eva Medina de Paredes,"Medina de Paredes, Del Pilar Eva",Medina de Paredes,Del Pilar Eva,ANR,ANR,414 - 4210,[email protected],http://www.diputados.gov.py/fotos/cv/P226.jpg,http://www.diputados.gov.py/ww1/?pagina=cv&id=226,2013,Central
P227,Víctor Luís González Segovia,"González Segovia, Víctor Luís",González Segovia,Víctor Luís,ANR,ANR,414 - 4211,[email protected],http://www.diputados.gov.py/fotos/cv/P227.jpg,http://www.diputados.gov.py/ww1/?pagina=cv&id=227,2013,Cordillera
P228,Pedro David Britos Espínola,"Britos Espínola, Pedro David",Britos Espínola,Pedro David,ANR,ANR,414 - 4212,[email protected],http://www.diputados.gov.py/fotos/cv/P228.jpg,http://www.diputados.gov.py/ww1/?pagina=cv&id=228,2013,Guair
P229,Concepción Quintana López,"Quintana López, Concepción",Quintana López,Concepción,ANR,ANR,414 - 4213,[email protected],http://www.diputados.gov.py/fotos/cv/P229.jpg,http://www.diputados.gov.py/ww1/?pagina=cv&id=229,2013,Alto Paran
P230,Perla Teresa Beatriz Acosta de Vázquez,"Acosta de Vázquez, Perla Teresa Beatriz",Acosta de Vázquez,Perla Teresa Beatriz,ANR,ANR,414 - 4214,[email protected],http://www.diputados.gov.py/fotos/cv/P230.jpg,http://www.diputados.gov.py/ww1/?pagina=cv&id=230,2013,San Pedro
P231,Marcial Lezcano Paredes,"Lezcano Paredes, Marcial",Lezcano Paredes,Marcial,ANR,ANR,414 - 4215,[email protected],http://www.diputados.gov.py/fotos/cv/P231.jpg,http://www.diputados.gov.py/ww1/?pagina=cv&id=231,2013,Amambay
P232,Purificación Morel Alfonzo,"Morel Alfonzo, Purificación",Morel Alfonzo,Purificación,ANR,ANR,414 - 4216,[email protected],http://www.diputados.gov.py/fotos/cv/P232.jpg,http://www.diputados.gov.py/ww1/?pagina=cv&id=232,2013,Canindey
P233,Miguel Tadeo Rojas Meza,"Rojas Meza, Miguel Tadeo",Rojas Meza,Miguel Tadeo,ANR,ANR,414 - 4342 / 414 - 4311,[email protected],http://www.diputados.gov.py/fotos/cv/P233.jpg,http://www.diputados.gov.py/ww1/?pagina=cv&id=233,2013,Central
P234,Celso Maldonado Duarte,"Maldonado Duarte, Celso",Maldonado Duarte,Celso,PLRA,PLRA,414 - 4218,[email protected],http://www.diputados.gov.py/fotos/cv/P234.jpg,http://www.diputados.gov.py/ww1/?pagina=cv&id=234,2013,Central
P235,Jorge Ramón Avalos Mariño,"Avalos Mariño, Jorge Ramón",Avalos Mariño,Jorge Ramón,PLRA,PLRA,414 - 4253,[email protected],http://www.diputados.gov.py/fotos/cv/P235.jpg,http://www.diputados.gov.py/ww1/?pagina=cv&id=235,2013,Paraguar
P236,María Cristina Villalba López,"Villalba López, María Cristina",Villalba López,María Cristina,ANR,ANR,414 - 4221,[email protected],http://www.diputados.gov.py/fotos/cv/P236.jpg,http://www.diputados.gov.py/ww1/?pagina=cv&id=236,2013,Canindey
P237,Ramón Romero Roa,"Romero Roa, Ramón",Romero Roa,Ramón,ANR,ANR,414 - 4222,[email protected],http://www.diputados.gov.py/fotos/cv/P237.jpg,http://www.diputados.gov.py/ww1/?pagina=cv&id=237,2013,Alto Paran
P238,Hércules Pedro Lorenzo Alliana Rodríguez,"Alliana Rodríguez, Hércules Pedro Lorenzo",Alliana Rodríguez,Hércules Pedro Lorenzo,ANR,ANR,414 - 4223,[email protected]iputados.gov.py,http://www.diputados.gov.py/fotos/cv/P238.jpg,http://www.diputados.gov.py/ww1/?pagina=cv&id=238,2013,eembuc
P239,Elio Cabral González,"Cabral González, Elio",Cabral González,Elio,ANR,ANR,414 - 4224,[email protected],http://www.diputados.gov.py/fotos/cv/P239.jpg,http://www.diputados.gov.py/ww1/?pagina=cv&id=239,2013,Alto Paran
P240,Clemente Ramón Barrios Monges,"Barrios Monges, Clemente Ramón",Barrios Monges,Clemente Ramón,ANR,ANR,414 - 4225,[email protected],http://www.diputados.gov.py/fotos/cv/P240.jpg,http://www.diputados.gov.py/ww1/?pagina=cv&id=240,2013,Paraguar
P241,Oscar Venancio Nuñez Gimenez,"Nuñez Gimenez, Oscar Venancio",Nuñez Gimenez,Oscar Venancio,ANR,ANR,414 - 4226,[email protected],http://www.diputados.gov.py/fotos/cv/P241.jpg,http://www.diputados.gov.py/ww1/?pagina=cv&id=241,2013,Presidente Hayes
P242,Enrique Javier Pereira Thalmann,"Pereira Thalmann, Enrique Javier",Pereira Thalmann,Enrique Javier,ANR,ANR,414 - 4227,[email protected],http://www.diputados.gov.py/fotos/cv/P242.jpg,http://www.diputados.gov.py/ww1/?pagina=cv&id=242,2013,Central
P243,Víctor Ríos Ojeda,"Ríos Ojeda, Víctor",Ríos Ojeda,Víctor,PLRA,PLRA,414 - 4228,[email protected],http://www.diputados.gov.py/fotos/cv/P243.jpg,http://www.diputados.gov.py/ww1/?pagina=cv&id=243,2013,eembuc
P244,Tomás Fidelino Rivas Benítez,"Rivas Benítez, Tomás Fidelino",Rivas Benítez,Tomás Fidelino,ANR,ANR,414 - 4229,[email protected],http://www.diputados.gov.py/fotos/cv/P244.jpg,http://www.diputados.gov.py/ww1/?pagina=cv&id=244,2013,Paraguar
P245,Salustiano Salinas Montanía,"Salinas Montanía, Salustiano",Salinas Montanía,Salustiano,PLRA,PLRA,414 - 4230,[email protected],http://www.diputados.gov.py/fotos/cv/P245.jpg,http://www.diputados.gov.py/ww1/?pagina=cv&id=245,2013,Central
P246,María Nimia Carísimo Sosa,"Carísimo Sosa, María Nimia",Carísimo Sosa,María Nimia,PLRA,PLRA,414 - 4231,[email protected],http://www.diputados.gov.py/fotos/cv/P246.jpg,http://www.diputados.gov.py/ww1/?pagina=cv&id=246,2013,Central
P247,Mirta Ramona Mendoza Díaz,"Mendoza Díaz, Mirta Ramona",Mendoza Díaz,Mirta Ramona,PLRA,PLRA,414 - 4232,[email protected],http://www.diputados.gov.py/fotos/cv/P247.jpg,http://www.diputados.gov.py/ww1/?pagina=cv&id=247,2013,Concepcin
P248,Edgar Isaac Ortiz Riveros,"Ortiz Riveros, Edgar Isaac",Ortiz Riveros,Edgar Isaac,PLRA,PLRA,414 - 4233,[email protected],http://www.diputados.gov.py/fotos/cv/P248.jpg,http://www.diputados.gov.py/ww1/?pagina=cv&id=248,2013,Itapa
P249,Horacio Victor Carísimo Ocampo,"Carísimo Ocampo, Horacio Victor",Carísimo Ocampo,Horacio Victor,PLRA,PLRA,414 - 4207,[email protected],http://www.diputados.gov.py/fotos/cv/P249.jpg,http://www.diputados.gov.py/ww1/?pagina=cv&id=249,2013,Itapa
P250,Nazario Tomás Rojas Salvioni,"Rojas Salvioni, Nazario Tomás",Rojas Salvioni,Nazario Tomás,ANR,ANR,414 - 4171,[email protected],http://www.diputados.gov.py/fotos/cv/P250.jpg,http://www.diputados.gov.py/ww1/?pagina=cv&id=250,2013,Cordillera
P251,Victor Oscar González Drakeford,"González Drakeford, Victor Oscar",González Drakeford,Victor Oscar,PLRA,PLRA,414 - 4172,[email protected],http://www.diputados.gov.py/fotos/cv/P251.jpg,http://www.diputados.gov.py/ww1/?pagina=cv&id=251,2013,Alto Paran
P253,Walter Enrique Harms Céspedes,"Harms Céspedes, Walter Enrique",Harms Céspedes,Walter Enrique,ANR,ANR,414 - 4174,[email protected],http://www.diputados.gov.py/fotos/cv/P253.jpg,http://www.diputados.gov.py/ww1/?pagina=cv&id=253,2013,Itapa
P254,Blanca Marina Vargas de Caballero,"Vargas de Caballero, Blanca Marina",Vargas de Caballero,Blanca Marina,ANR,ANR,414 - 4175,[email protected],http://www.diputados.gov.py/fotos/cv/P254.jpg,http://www.diputados.gov.py/ww1/?pagina=cv&id=254,2013,Alto Paran
P255,Cornelius Sawatzky Sawatzky,"Sawatzky Sawatzky, Cornelius",Sawatzky Sawatzky,Cornelius,ANR,ANR,414 - 4176,[email protected],http://www.diputados.gov.py/fotos/cv/P255.jpg,http://www.diputados.gov.py/ww1/?pagina=cv&id=255,2013,Boquern
P257,Olga Beatriz Ferreira de López,"Ferreira de López, Olga Beatriz",Ferreira de López,Olga Beatriz,IND,IND,414 - 4178,[email protected],http://www.diputados.gov.py/fotos/cv/P257.jpg,http://www.diputados.gov.py/ww1/?pagina=cv&id=257,2013,Capital
P258,César Ariel Oviedo Verdún,"Oviedo Verdún, César Ariel",Oviedo Verdún,César Ariel,ANR,ANR,414 - 4179,[email protected],http://www.diputados.gov.py/fotos/cv/P258.jpg,http://www.diputados.gov.py/ww1/?pagina=cv&id=258,2013,Central
P259,Agustín Amado Florentín Cabral,"Florentín Cabral, Agustín Amado",Florentín Cabral,Agustín Amado,PLRA,PLRA,414 - 4357 / 414 - 4397 /  414 - 4367,[email protected],http://www.diputados.gov.py/fotos/cv/P259.jpg,http://www.diputados.gov.py/ww1/?pagina=cv&id=259,2013,Cordillera
P260,Oscar Luís Tuma Bogado,"Tuma Bogado, Oscar Luís",Tuma Bogado,Oscar Luís,ANR,ANR,414 - 4181,[email protected],http://www.diputados.gov.py/fotos/cv/P260.jpg,http://www.diputados.gov.py/ww1/?pagina=cv&id=260,2013,Capital
P261,Miguel Angel Del Puerto Silva,"Del Puerto Silva, Miguel Angel",Del Puerto Silva,Miguel Angel,ANR,ANR,414 - 4182,[email protected],http://www.diputados.gov.py/fotos/cv/P261.jpg,http://www.diputados.gov.py/ww1/?pagina=cv&id=261,2013,Caaguaz
P262,Juan Bartolomé Ramírez Brizuela,"Ramírez Brizuela, Juan Bartolomé",Ramírez Brizuela,Juan Bartolomé,PLRA,PLRA,414 - 4072,[email protected],http://www.diputados.gov.py/fotos/cv/P262.jpg,http://www.diputados.gov.py/ww1/?pagina=cv&id=262,2013,Amambay
P263,Hugo Leandro Rubín Godoy,"Rubín Godoy, Hugo Leandro",Rubín Godoy,Hugo Leandro,PEN,PEN,414 - 4184,[email protected],http://www.diputados.gov.py/fotos/cv/P263.jpg,http://www.diputados.gov.py/ww1/?pagina=cv&id=263,2013,Central
P264,Dionisio Oswaldo Amarilla Guirland,"Amarilla Guirland, Dionisio Oswaldo",Amarilla Guirland,Dionisio Oswaldo,PLRA,PLRA,414 - 4244,[email protected],http://www.diputados.gov.py/fotos/cv/P264.jpg,http://www.diputados.gov.py/ww1/?pagina=cv&id=264,2013,Central
P266,Pedro Milciades Duré Arguello,"Duré Arguello, Pedro Milciades",Duré Arguello,Pedro Milciades,PLRA,PLRA,414 - 4066,[email protected],http://www.diputados.gov.py/fotos/cv/P266.jpg,http://www.diputados.gov.py/ww1/?pagina=cv&id=266,2013,Cordillera
P267,Celso Kennedy Bogado,"Kennedy Bogado, Celso",Kennedy Bogado,Celso,PLRA,PLRA,414 - 4068,[email protected],http://www.diputados.gov.py/fotos/cv/P267.jpg,http://www.diputados.gov.py/ww1/?pagina=cv&id=267,2013,Caaguaz
P268,Ricardo González Escobar,"González Escobar, Ricardo",González Escobar,Ricardo,PEN,PEN,414 - 4069,[email protected],http://www.diputados.gov.py/fotos/cv/P268.jpg,http://www.diputados.gov.py/ww1/?pagina=cv&id=268,2013,Central
P269,Eusebio Alvarenga Martínez,"Alvarenga Martínez, Eusebio",Alvarenga Martínez,Eusebio,PLRA,PLRA,414 - 4070,[email protected],http://www.diputados.gov.py/fotos/cv/P269.jpg,http://www.diputados.gov.py/ww1/?pagina=cv&id=269,2013,Guair
P270,Olimpio Rojas Villalba,"Rojas Villalba, Olimpio",Rojas Villalba,Olimpio,PLRA,PLRA,414 - 4071,[email protected],http://www.diputados.gov.py/fotos/cv/P270.jpg,http://www.diputados.gov.py/ww1/?pagina=cv&id=270,2013,Caazap
P271,Edgar Acosta Alcaráz,"Acosta Alcaráz, Edgar",Acosta Alcaráz,Edgar,PLRA,PLRA,414 - 4183,[email protected],http://www.diputados.gov.py/fotos/cv/P271.jpg,http://www.diputados.gov.py/ww1/?pagina=cv&id=271,2013,Central
P272,Carlos Antonio Portillo Verún,"Portillo Verún, Carlos Antonio",Portillo Verún,Carlos Antonio,PLRA,PLRA,414 - 4073,[email protected],http://www.diputados.gov.py/fotos/cv/P272.jpg,http://www.diputados.gov.py/ww1/?pagina=cv&id=272,2013,Alto Paran
P273,Sergio Rojas Sosa,"Rojas Sosa, Sergio",Rojas Sosa,Sergio,PLRA,PLRA,414 - 4074,[email protected],http://www.diputados.gov.py/fotos/cv/P273.jpg,http://www.diputados.gov.py/ww1/?pagina=cv&id=273,2013,Central
P274,Enrique Antonio C. Buzarquis Cáceres,"Buzarquis Cáceres, Enrique Antonio C.",Buzarquis Cáceres,Enrique Antonio C.,PLRA,PLRA,414 - 4075,[email protected],http://www.diputados.gov.py/fotos/cv/P274.jpg,http://www.diputados.gov.py/ww1/?pagina=cv&id=274,2013,Caaguaz
P275,Juan Félix Bogado Tatter,"Bogado Tatter, Juan Félix",Bogado Tatter,Juan Félix,PLRA,PLRA,414 - 4076,[email protected],http://www.diputados.gov.py/fotos/cv/P275.jpg,http://www.diputados.gov.py/ww1/?pagina=cv&id=275,2013,Capital
P276,Pastor Alberto Vera Bejarano,"Vera Bejarano, Pastor Alberto",Vera Bejarano,Pastor Alberto,PLRA,PLRA,414 - 4077,[email protected],http://www.diputados.gov.py/fotos/cv/P276.jpg,http://www.diputados.gov.py/ww1/?pagina=cv&id=276,2013,San Pedro
P277,Héctor Lucio Lesme Delgado,"Lesme Delgado, Héctor Lucio",Lesme Delgado,Héctor Lucio,PLRA,PLRA,414 - 4078,[email protected],http://www.diputados.gov.py/fotos/cv/P277.jpg,http://www.diputados.gov.py/ww1/?pagina=cv&id=277,2013,Central
P278,Esmérita Sánchez de Da Silva,"Sánchez de Da Silva, Esmérita",Sánchez de Da Silva,Esmérita,PLRA,PLRA,414 - 4079,[email protected],http://www.diputados.gov.py/fotos/cv/P278.jpg,http://www.diputados.gov.py/ww1/?pagina=cv&id=278,2013,Caaguaz
P279,Antonio Gustavo Cardozo,"Cardozo, Antonio Gustavo",Cardozo,Antonio Gustavo,PLRA,PLRA,414 - 4080,[email protected],http://www.diputados.gov.py/fotos/cv/P279.jpg,http://www.diputados.gov.py/ww1/?pagina=cv&id=279,2013,Alto Paran
P280,José Gregorio Ledesma Narvaez,"Ledesma Narvaez, José Gregorio",Ledesma Narvaez,José Gregorio,PLRA,PLRA,414 - 4081,[email protected],http://www.diputados.gov.py/fotos/cv/P280.jpg,http://www.diputados.gov.py/ww1/?pagina=cv&id=280,2013,San Pedro
P281,Asa Javier González Ortíz,"González Ortíz, Asa Javier",González Ortíz,Asa Javier,PLRA,PLRA,414 - 4082,[email protected],http://www.diputados.gov.py/fotos/cv/P281.jpg,http://www.diputados.gov.py/ww1/?pagina=cv&id=281,2013,Misiones
P282,Eber Osvaldo Ovelar Benitez,"Ovelar Benitez, Eber Osvaldo",Ovelar Benitez,Eber Osvaldo,ANR,ANR,414 - 4177,[email protected],http://www.diputados.gov.py/fotos/cv/P282.jpg,http://www.diputados.gov.py/ww1/?pagina=cv&id=282,2013,Caaguaz
P284,Ramón Duarte Jiménez,"Duarte Jiménez, Ramón",Duarte Jiménez,Ramón,FG,FG,414 - 4065,[email protected],http://www.diputados.gov.py/fotos/cv/P284.jpg,http://www.diputados.gov.py/ww1/?pagina=cv&id=284,2013,Itapa
P286,Julio Enrique Mineur de Witte,"Mineur de Witte, Julio Enrique",Mineur de Witte,Julio Enrique,PLRA,PLRA,4144173,[email protected],http://www.diputados.gov.py/fotos/cv/P286.jpg,http://www.diputados.gov.py/ww1/?pagina=cv&id=286,2013,Presidente Hayes
P287,Fabiola Elvira Oviedo Melgarejo,"Oviedo Melgarejo, Fabiola Elvira",Oviedo Melgarejo,Fabiola Elvira,ANR,ANR,414  4316,[email protected],http://www.diputados.gov.py/fotos/cv/P287.jpg,http://www.diputados.gov.py/ww1/?pagina=cv&id=287,2013,Capital
