id,name__en,name__fr,name__es,name__de,name,wikipedia__en,wikipedia__fr,gender,death_date,family_name,original_wikiname,name__nl,wikipedia__de,name__cy,birth_date,given_name,last_seen,image,occupation,name__ja,name__sl,name__ar
Q16092663,Hilbourne Frank,Hilbourne Frank,,Hilbourne Frank,Hilbourne Frank,Hilbourne Frank,,male,,,,Hilbourne Frank,,,1932,,,,politician,,Hilbourne Frank,
Q16730448,Molwyn Joseph,,,Molwyn Joseph,Molwyn Joseph,Molwyn Joseph,,male,,,,Molwyn Joseph,Molwyn Joseph,,"",,,,politician,,Molwyn Joseph,
Q20171771,Charles Fernandez,Charles Henry Fernandez,,Charles Henry Fernandez,Charles Fernandez,Charles Fernandez,,male,,,,,Charles Henry Fernandez,,1954-12-24,Charles,,https://upload.wikimedia.org/wikipedia/commons/8/8a/Charles_Max_Fernandez.jpg,politician,チャールズ・フェルナンデス,,تشارلز فرنانديز
Q21002314,Jacqui Quinn-Leandro,,,,Jacqui Quinn-Leandro,Jacqui Quinn-Leandro,,female,,,,Jacqui Quinn-Leandro,,,1965-11-20,Jacqui,,,politician,,,
Q5084247,Charlesworth Samuel,Charlesworth Samuel,Charlesworth Samuel,Charlesworth Samuel,Charlesworth Samuel,Charlesworth Samuel,Charlesworth Samuel,male,2008-01,Samuel,,Charlesworth Samuel,,,"",,,,politician,,,
Q7605192,Steadroy Benjamin,,,Steadroy Benjamin,Steadroy Benjamin,Steadroy Benjamin,,male,,,,Steadroy Benjamin,Steadroy Benjamin,,"",,,,politician,,,
Q7921171,"Vere Bird, Jr.","Vere Bird, Jr.",,,"Vere Bird, Jr.",Vere Bird Jr.,,male,2013-03-31,,,"Vere Bird, Jr.",,"Vere Bird, Jr.",1937,Vere,,,politician,,Vere Bird,
