id,name,name__fr,name__en,name__en_ca,name__en_gb,name__de,name__nl,wikipedia__en,wikipedia__fr,birth_date,gender,given_name,occupation,original_wikiname,name__nb,name__da,name__nn,name__sv,name__it,name__eu,wikipedia__eu,image,identifier__VIAF,name__ru,wikipedia__ru,name__sr,name__es,name__hu,name__zh,wikipedia__de,wikipedia__sr,identifier__LCAuth,identifier__freebase,website,identifier__ISNI,identifier__BNF,identifier__SUDOC,name__ko,wikipedia__ko,family_name,identifier__PACE,identifier__NNDB,name__ar,wikipedia__ar,name__ja,name__cs,wikipedia__cs,wikipedia__it,wikipedia__ja,identifier__IIAF,name__fa,wikipedia__fa,name__nds,name__tr,wikipedia__nl,name__uk,wikipedia__commons,wikipedia__uk,identifier__GND,name__sl,wikipedia__sl,name__pt,name__pl,name__sr_el,name__sr_ec,name__ca,name__fi,name__sh,wikipedia__ca,wikipedia__es,wikipedia__fi,wikipedia__nn,wikipedia__no,wikipedia__pl,wikipedia__pt,wikipedia__sh,wikipedia__sv,identifier__GTAA,identifier__FAST,identifier__snac,name__vi,wikipedia__vi,identifier__ioc_athlete,name__el,identifier__NTA,identifier__wikitree,identifier__nlg,identifier__NLAtrove,identifier__Britannica
Q14942774,Paul McIntyre,Paul McIntyre,Paul McIntyre,Paul McIntyre,Paul McIntyre,Paul McIntyre,Paul McIntyre,Paul McIntyre (politician),Paul McIntyre,1944-11-02,male,Paul,politician,Paul McIntyre (politician),,,,,,,,,,,,,,,,,,,,,,,,,,,,,,,,,,,,,,,,,,,,,,,,,,,,,,,,,,,,,,,,,,,,,,,,,,,
Q16186656,Tobias Enverga,Tobias Enverga,Tobias Enverga,,,Tobias Enverga,Tobias Enverga,Tobias Enverga,,1955-12-02,male,Tobias,politician,Tobias Enverga,,,,,Tobias Enverga,,,https://upload.wikimedia.org/wikipedia/commons/f/fc/Senator_Tobias_Enverga.jpg,,,,,,,,,,,,,,,,,,,,,,,,,,,,,,,,,,,,,,,,,,,,,,,,,,,,,,,,,,,,,,,,,,,
Q1680169,Larry Campbell,Larry Campbell,Larry Campbell,,,Larry Campbell,Larry Campbell,Larry Campbell,,1948-02-28,male,Larry,politician,Larry Campbell,Larry Campbell,Larry Campbell,Larry Campbell,Larry Campbell,,,,,104929197,Ларри Кэмпбелл,,Лари Кембел,Larry Campbell,Larry Campbell,李建堡,Larry Campbell (Politiker),Лари Кембел,no2010045171,/m/01df91,http://www.larrycampbell.ca,,,,,,,,,,,,,,,,,,,,,,,,,,,,,,,,,,,,,,,,,,,,,,,,,,,,,,,
Q17386522,Kim Pate,,Kim Pate,,,Kim Pate,,Kim Pate,,1959-11-10,female,,,Kim Pate,,,,,,,,,,,,,,,,,,,,,,,,,,,,,,,,,,,,,,,,,,,,,,,,,,,,,,,,,,,,,,,,,,,,,,,,,,,
Q2272463,Serge Joyal,Serge Joyal,Serge Joyal,,,Serge Joyal,Serge Joyal,Serge Joyal,Serge Joyal,1945-02-01,male,Serge,lawyer,Serge Joyal,Serge Joyal,Serge Joyal,Serge Joyal,Serge Joyal,,,,,70202940,,,,Serge Joyal,Serge Joyal,,Serge Joyal,,n79047824,,,0000 0000 7837 6631,135300618,050441914,,,,,,,,,,,,,,,,,,,,,,,,,,,,,,,,,,,,,,,,,,,,,,,,,,,,
Q23771365,Raymonde Gagné,Raymonde Gagné,Raymonde Gagné,,,,Raymonde Gagné,Raymonde Gagné,Raymonde Gagné,1956-01-07,female,,politician,Raymonde Gagné,,,,,,,,https://upload.wikimedia.org/wikipedia/commons/8/8e/Raymonde_Gagné_reçois_le_Prix_Riel.jpg,,,,,,,,,,,,,,,,,,,,,,,,,,,,,,,,,,,,,,,,,,,,,,,,,,,,,,,,,,,,,,,,,,,
Q23771366,Ratna Omidvar,,Ratna Omidvar,,,,Ratna Omidvar,Ratna Omidvar,,1949-06-11,female,,,Ratna Omidvar,,,,,,,,https://upload.wikimedia.org/wikipedia/commons/9/98/Senator_Ratna_Omidvar.png,,,,,,,,,,,,,,,,,,,,,,,,,,,,,راتنا امیدوار,راتنا امیدوار,,,,,,,,,,,,,,,,,,,,,,,,,,,,,,,,,,,,,
Q238041,Nancy Greene,Nancy Greene,Nancy Greene,,,Nancy Greene,Nancy Greene,Nancy Greene,Nancy Greene,1943-05-11,female,Nancy,alpine skier,Nancy Greene,Nancy Greene,Nancy Greene,Nancy Greene,Nancy Greene,Nancy Greene,,,https://upload.wikimedia.org/wikipedia/commons/f/fd/Nancy_Greene_at_Sun_Peaks_in_2000.jpg,18470192,,,Ненси Грин,Nancy Greene,Nancy Greene,,Nancy Greene,Ненси Грин,n50058778,/m/01yl0k,http://www.nancygreene.com,,,,,,,,,,,ナンシー・グリーン,,,Nancy Greene,,,,,,,Nancy Greene,,Category:Nancy Greene,,,Nancy Greene,Nancy Greene,Nancy Greene,Nancy Greene,Nensi Grin,Ненси Грин,Nancy Greene,Nancy Greene,Nancy Greene,Nancy Greene,Nancy Greene,Nancy Greene,Nancy Greene,Nancy Greene,Nancy Greene,Nancy Greene,Nancy Greene,Nancy Greene,104358,18536,,,,,,,,,,
Q2402200,Lillian Dyck,Lillian Dyck,Lillian Dyck,,,Lillian Dyck,Lillian Dyck,Lillian Dyck,Lillian Dyck,1945-08-24,female,Lillian,biologist,Lillian Dyck,Lillian Dyck,Lillian Dyck,Lillian Dyck,Lillian Dyck,Lillian Dyck,,,,,,,,Lillian Dyck,Lillian Dyck,,,,,,,,,,,,,,,,,,,,,,,,,,,,,,,,Lillian Dyck,Lillian Dyck,,,,,,,,,,,,,,,,,,,,,,,,,,,,
Q25189394,Peter Harder,,Peter Harder,,,,Peter Harder,Peter Harder (politician),,1952-08-25,male,Peter,,Peter Harder (politician),,,,,,,,,,,,,,,,,,,,,,,,,,,,,,,,,,,,,,,,,,,,,,,,,,,,,,,,,,,,,,,,,,,,,,,,,,,
Q27656978,Lucie Moncion,,Lucie Moncion,,,,Lucie Moncion,Lucie Moncion,,1958-10-25,female,,,Lucie Moncion,,,,,,,,,,,,,,,,,,,,,,,,,,,,,,,,,,,,,,,,,,,,,,,,,,,,,,,,,,,,,,,,,,,,,,,,,,,
Q27656982,Nancy Hartling,,Nancy Hartling,,,,Nancy Hartling,Nancy Hartling,,1950-02-01,female,,,Nancy Hartling,,,,,,,,https://upload.wikimedia.org/wikipedia/commons/e/e8/Sen_207800_large.jpg,,,,,,,,,,,,,,,,,,,,,,,,,,,,,,,,,,,,,,,,,,,,,,,,,,,,,,,,,,,,,,,,,,,
Q27656987,Patricia Bovey,,Patricia Bovey,,,,Patricia Bovey,Patricia Bovey,,,female,Patricia,,Patricia Bovey,,,,,,,,,,,,,,,,,,,,,,,,,,,,,,,,,,,,,,,,,,,Category:Patricia Bovey,,,,,,,,,,,,,,,,,,,,,,,,,,,,,,,,
Q27656999,Wanda Thomas Bernard,,Wanda Thomas Bernard,,,,Wanda Thomas Bernard,Wanda Thomas Bernard,,1953-08-01,female,,,Wanda Thomas Bernard,,,,,,,,,,,,,,,,,,,,,,,,,,,,,,,,,,,,,,,,,,,,,,,,,,,,,,,,,,,,,,,,,,,,,,,,,,,
Q27657049,Diane Griffin,Diane Griffin,Diane Griffin,,,,Diane Griffin,Diane Griffin (conservationist),Diane Griffin,,female,,politician,Diane Griffin (conservationist),,,,,,,,,,,,,,,,,,,,,,,,,,,,,,,,,,,,,,,,,,,,,,,,,,,,,,,,,,,,,,,,,,,,,,,,,,,
Q27673144,Rosa Galvez,Rosa Galvez,Rosa Galvez,,,,Rosa Galvez,Rosa Galvez,Rosa Galvez,1962-06-21,female,,politician,Rosa Galvez,,,,,,,,,,,,,,,,,,,,,,,,,,,,,,,,,,,,,,,,,,,,,,,,,,,,,,,,,,,,,,,,,,,,,,,,,,,
Q27680092,Marie-Françoise Mégie,Marie-Françoise Mégie,Marie-Françoise Mégie,,,,Marie-Françoise Mégie,Marie-Françoise Mégie,Marie-Françoise Mégie,1950-09-21,female,Marie-Françoise,physician,Marie-Françoise Mégie,,,,,,,,,,,,,,,,,,,,,,,,,,,,,,,,,,,,,,,,,,,,,,,,,,,,,,,,,,,,,,,,,,,,,,,,,,,
Q27680096,Raymonde Saint-Germain,Raymonde Saint-Germain,Raymonde Saint-Germain,,,,Raymonde Saint-Germain,Raymonde Saint-Germain,Raymonde Saint-Germain,1950-09-21,female,,politician,Raymonde Saint-Germain,,,,,,,,,,,,,,,,,,,,,,,,,,,,,,,,,,,,,,,,,,,,,,,,,,,,,,,,,,,,,,,,,,,,,,,,,,,
Q27680102,Renée Dupuis,Renée Dupuis,Renée Dupuis,,,,Renée Dupuis,Renée Dupuis,Renée Dupuis (avocate),1949-01-17,female,Renée,writer,Renée Dupuis,,,,,,,,,,,,,,,,,,,,,,,,,,,,,,,,,,,,,,,,,,,,,,,,,,,,,,,,,,,,,,,,,,,,,,,,,,,
Q27688775,René Cormier,René Cormier,René Cormier,,,,René Cormier,René Cormier,René Cormier,,male,,politician,René Cormier,,,,,,,,,,,,,,,,,,,,,,,,,,,,,,,,,,,,,,,,,,,,,,,,,,,,,,,,,,,,,,,,,,,,,,,,,,,
Q27734329,Daniel Christmas,,Daniel Christmas,,,,Daniel Christmas,Daniel Christmas,,1956-09-10,male,Daniel,,Daniel Christmas,,,,,,,,,,,,,,,,,,,,,,,,,,,,,,,,,,,,,,,,,,,,,,,,,,,,,,,,,,,,,,,,,,,,,,,,,,,
Q27734910,Sabi Marwah,,Sabi Marwah,,,,Sabi Marwah,Sabi Marwah,,,male,,,Sabi Marwah,,,,,,,,,,,,,,,,,,,,,,,,,,,,,,,,,,,,,,,,,,,,,,,,,,,,,,,,,,,,,,,,,,,,,,,,,,,
Q27735011,Eric Forest,Éric Forest,Eric Forest,,,,Eric Forest,Éric Forest,Éric Forest,1952-04-06,male,,politician,Éric Forest,,,,,,,,,,,,,,,,,,,,,,,,,,,,,,,,,,,,,,,,,,,,,,,,,,,,,,,,,,,,,,,,,,,,,,,,,,,
Q27735015,Marc Gold,Marc Gold,Marc Gold,,,,Marc Gold,Marc Gold,Marc Gold,1950-06-30,male,,politician,Marc Gold,,,,,,,,,,,,,,,,,,,,,,,,,,,,,,,,,,,,,,,,,,,,,,,,,,,,,,,,,,,,,,,,,,,,,,,,,,,
Q2848475,André Pratte,André Pratte,André Pratte,,,André Pratte,André Pratte,André Pratte,André Pratte,1957,male,André,journalist,André Pratte,,,,,André Pratte,,,,119564330,,,,André Pratte,,,,,,/m/025wxwp,,,,077685245,,,,,,,,,,,,,,,,,,,,,,,,,,,,,,,,,,,,,,,,,,,,,,,,,,,,
Q2851043,Anne Cools,Anne Cools,Anne Cools,,,Anne Cools,Anne Cools,Anne Cools,Anne Cools,1943-08-12,female,Anne,politician,Anne Cools,Anne Cools,Anne Cools,Anne Cools,Anne Cools,,,,,,,,,Anne Cools,Anne Cools,,,,,,http://senatorcools.sencanada.ca/,,,,,,,,,,,,,,,,,,,,,Anne Cools,,,,,,,,,,,,,,,,,,,,,,,,,,,,,,,,,,
Q2907803,Bob Runciman,Bob Runciman,Bob Runciman,,,Bob Runciman,Bob Runciman,Bob Runciman,Bob Runciman,1942-08-10,male,Bob,politician,,,,,,,,,,,,,,Bob Runciman,Bob Runciman,,,,,,,,,,,,,,,,,,,,,,,,,,,,,,,,,,,,,,,,,,,,,,,,,,,,,,,,,,,,,
Q2960890,Charlie Watt,Charlie Watt,Charlie Watt,,,Charlie Watt,Charlie Watt,Charlie Watt,Charlie Watt,1944-06-29,male,Charlie,politician,Charlie Watt,Charlie Watt,Charlie Watt,Charlie Watt,Charlie Watt,,,,,106221352,,,,Charlie Watt,Charlie Watt,,,,,,,,,,,,,,,,,,,,,,,,,,,,,,,,,,,,,,,,,,,,,,,,,,,,,,,,,,,,,
Q2977137,Claude Carignan,Claude Carignan,Claude Carignan,,,Claude Carignan,Claude Carignan,Claude Carignan,Claude Carignan,1964-12-04,male,Claude,politician,Claude Carignan,,,,,,,,,105092118,,,,,,,,,,,,,,,,,,,,,,,,,,,,,,,,,,,,,,,,,,,,,,,,,,,,,,,,,,,,,,,,,,
Q2978387,Claudette Tardif,Claudette Tardif,Claudette Tardif,,,Claudette Tardif,Claudette Tardif,Claudette Tardif,Claudette Tardif,1947-07-27,female,Claudette,politician,Claudette Tardif,Claudette Tardif,Claudette Tardif,Claudette Tardif,Claudette Tardif,,,,,104361212,,,,Claudette Tardif,Claudette Tardif,,,,,,,,,,,,,,,,,,,,,,,,,,,,,,,,,,,,,,,,,,,,,,,,,,,,,,,,,,,,,
Q2982619,Colin Kenny,Colin Kenny,Colin Kenny,,,Colin Kenny,Colin Kenny,Colin Kenny,Colin Kenny,1943-12-10,male,Colin,politician,Colin Kenny,Colin Kenny,Colin Kenny,Colin Kenny,Colin Kenny,,,,,43683088,Колин Кенни,,,Colin Kenny,Colin Kenny,,,,,,,0000 0000 7365 580X,144589078,,,,,,,,,,,,,,,,,,,,,,,173703348,,,,,,,,,,,,,,,,,,,,,,,,,,,,,,
Q3017357,David Adams Richards,David Adams Richards,David Adams Richards,,,David Adams Richards,David Adams Richards,David Adams Richards,David Adams Richards,1950-10-17,male,David,politician,David Adams Richards,David Adams Richards,David Adams Richards,David Adams Richards,David Adams Richards,,,,,68941629,,,,David Adams Richards,,,,,n82106098,,,0000 0001 0911 8759,12019201q,028335465,,,,,,,,,,,,,,,,,,,,,,,,,,,,,,,,,,,,,,,,,,96933,,,,,,071737685,Richards-4822,178742,957460,biography/David-Adams-Richards
Q3018884,David Tkachuk,David Tkachuk,David Tkachuk,,,David Tkachuk,David Tkachuk,David Tkachuk,David Tkachuk,1945-02-18,male,David,politician,David Tkachuk,David Tkachuk,David Tkachuk,David Tkachuk,David Tkachuk,,,,,,,,,David Tkachuk,David Tkachuk,,,,,,,,,,,,,6469,,,,,,,,,,,,,,,,,,,,,,,,,,,,,,,,,,,,,,,,,,,,,,,,
Q3023150,Dennis Dawson,Dennis Dawson,Dennis Dawson,,,Dennis Dawson,Dennis Dawson,Dennis Dawson,Dennis Dawson,1949-09-28,male,Dennis,politician,Dennis Dawson,Dennis Dawson,Dennis Dawson,Dennis Dawson,Dennis Dawson,,,,,193699167,,,,Dennis Dawson,Dennis Dawson,,,,,,,,,,,,,,,,,,,,,,,,,,,,,,,,,,,,,,,,,,,,,,,,,,,,,,,,,,,,,
Q3063518,Fabian Manning,Fabian Manning,Fabian Manning,,,Fabian Manning,Fabian Manning,Fabian Manning,Fabian Manning,1964-05-21,male,Fabian,politician,Fabian Manning,Fabian Manning,Fabian Manning,Fabian Manning,Fabian Manning,,,,https://upload.wikimedia.org/wikipedia/commons/b/b8/Senator_Fabian_Manning.jpg,232449668,,,,Fabian Manning,Fabian Manning,,,,,,,,,,,,,,,,,,,,,,,,,,,,,,,,,,,,,,,,,,,,,,,,,,,,,,,,,,,,,
Q3179583,Joan Fraser,Joan Fraser,Joan Fraser,,,Joan Fraser,Joan Fraser,Joan Fraser,Joan Fraser,1944-10-12,female,Joan,journalist,Joan Fraser,Joan Fraser,Joan Fraser,Joan Fraser,Joan Fraser,,,,,66293604,,,,Joan Fraser,Joan Fraser,,,,,/m/05rnkv,,,,,,,,5971,,,,,,,,,,,,,,,,,,,,,,,,,,,,,,,,,,,,,,,,,,,,,,,,
Q3186643,Josée Verner,Josée Verner,Josée Verner,,,Josée Verner,Josée Verner,Josée Verner,Josée Verner,1959-12-30,female,Josée,politician,Josée Verner,Josée Verner,Josée Verner,Josée Verner,Josée Verner,,,,,,,,,Josée Verner,Josée Verner,,,,,,http://www.joseeverner.ca/,,,,,,,,920/000165425,,,,,,,,,,,,,,,,,,,,,,,,,,,,,,,,,,,,,,,,,,,,,,,
Q3188008,Judith Seidman,Judith Seidman,Judith Seidman,,,Judith Seidman,Judith Seidman,Judith Seidman,Judith Seidman,1950-09-01,female,Judith,politician,Judith Seidman,,,,,,,,,,,,,,,,,,,,,,,,,,,,,,,,,,,,,,,,,,,,,,,,,,,,,,,,,,,,,,,,,,,,,,,,,,,
Q3218104,Larry Smith,Larry Smith,Larry Smith,,,Larry Smith,Larry Smith,Larry Smith (Canadian politician),Larry Smith (football),1951-04-28,male,Larry,politician,Larry Smith (Canadian politician),,,,,,,,,,Ларри Смит,,,Larry Smith,Larry Smith,,,,,,,,,,,,Smith,,,لاري سميث,لاري سميث,,,,,,,,,,,,,,,,,,,,,,,,,,,,,,,,,,,,,,,,,,,,,
Q3229562,Leo Housakos,Leo Housakos,Leo Housakos,,,Leo Housakos,Leo Housakos,Leo Housakos,Leo Housakos,1968-01-10,male,Leo,politician,Leo Housakos,,,,,,,,,210982348,Лео Хусакос,"Хусакос, Лео",,,,,,,,,,,,,,,,,,,,,,,,,,,,,,,,,,,,,,,,,,,,,,,,,,,,,,,,,,,,,,,,
Q3313285,Mike Duffy,Mike Duffy,Mike Duffy,,,Mike Duffy,Mike Duffy,Mike Duffy,Mike Duffy,1946-05-27,male,Mike,journalist,Mike Duffy,,,,,,,,https://upload.wikimedia.org/wikipedia/commons/a/a7/Mike_Duffy.jpg,310519859,,,,Mike Duffy,Mike Duffy,邁克·杜菲,,,,/m/06g65y,,,,,,,Duffy,,,,,,,,,,,,,,,,,,,,,,,,,,,,,,,,,,,,,,,,,,,,,,,,,
Q3343768,Norman Doyle,Norman Doyle,Norman Doyle,,,Norman Doyle,Norman Doyle,Norman Doyle,Norman Doyle,1945-11-11,male,Norman,politician,Norman Doyle,Norman Doyle,Norman Doyle,Norman Doyle,Norman Doyle,,,,,68456160,,,,Norman Doyle,Norman Doyle,,,,,,,,,,,,Doyle,,,,,,,,,,,,,,,,,Category:Norman Doyle,,,,,,,,,,,,,,,,,,,,,,,,,,,,,,,,
Q3361787,Pamela Wallin,Pamela Wallin,Pamela Wallin,,,Pamela Wallin,Pamela Wallin,Pamela Wallin,Pamela Wallin,1953-04-10,female,Pamela,journalist,Pamela Wallin,,,,,,,,https://upload.wikimedia.org/wikipedia/commons/c/c3/ETalk2008-Pamela_Wallin.jpg,28864806,,,,Pamela Wallin,Pamela Wallin,柏米拿‧和寧,,,n99044334,/m/03jckw,http://www.pamelawallin.com,,,,,,,,,,,,,,,,,,,,,,,,,,,,,,,,,,,,Pamela Wallin,,,,,,,,,434778,w6253s4m,,,,,,,,,
Q3369280,Patrick Brazeau,Patrick Brazeau,Patrick Brazeau,,,Patrick Brazeau,Patrick Brazeau,Patrick Brazeau,Patrick Brazeau,1974-11-11,male,Patrick,politician,Patrick Brazeau,,,,,,,,,260991868,,,,,,,,,,,,,,,,,,,,,,,,,,,,,,,,,,,,,,,,,,,,,,,,,,,,,,,,,,,,,,,,,,
Q3375189,Percy Downe,Percy Downe,Percy Downe,,,Percy Downe,Percy Downe,Percy Downe,Percy Downe,1954-07-08,male,Percy,politician,Percy Downe,Percy Downe,Percy Downe,Percy Downe,Percy Downe,,,,https://upload.wikimedia.org/wikipedia/commons/8/87/Percy_Downe_photo_by_Djuradj_Vujcic.jpg,,,,,Percy Downe,Percy Downe,,,,,,,,,,,,,6468,,,,,,,,,,,,,,,,,,,,,,,,,,,,,,,,,,,,,,,,,,,,,,,,
Q3375214,Percy Mockler,Percy Mockler,Percy Mockler,,,Percy Mockler,Percy Mockler,Percy Mockler,Percy Mockler,1949-04-14,male,Percy,politician,Percy Mockler,,,,,,,,,,,,,Percy Mockler,Percy Mockler,,,,,,,,,,,,,,,,,,,,,,,,,,,,,,,,,,,,,,,,,,,,,,,,,,,,,,,,,,,,,
Q3383128,Pierre-Hugues Boisvenu,Pierre-Hugues Boisvenu,Pierre-Hugues Boisvenu,,,,Pierre-Hugues Boisvenu,Pierre-Hugues Boisvenu,Pierre-Hugues Boisvenu,1949-02-12,male,Pierre,politician,Pierre-Hugues Boisvenu,,,,,,,,,,,,,,,,,,,,,,,,,,,,,,,,,,,,,,,,,,,,,,,,,,,,,,,,,,,,,,,,,,,,,,,,,,,
Q3442344,Rose-May Poirier,Rose-May Poirier,Rose-May Poirier,Rose-May Poirier,Rose-May Poirier,Rose-May Poirier,Rose-May Poirier,Rose-May Poirier,Rose-May Poirier,1954-03-02,female,,politician,Rose-May Poirier,,,,,,,,,,,,,Rose-May Poirier,Rose-May Poirier,,,,,,,,,,,,,,,,,,,,,,,,,Rose-May Poirier,Rose-May Poirier,,,,,,,,,,,,,,,,,,,,,,,,,,,,,,,,,,,
Q3471928,Sandra Lovelace Nicholas,Sandra Lovelace Nicholas,Sandra Lovelace Nicholas,,,,Sandra Lovelace Nicholas,Sandra Lovelace Nicholas,Sandra Lovelace Nicholas,1948-04-15,female,Sandra,politician,Sandra Lovelace Nicholas,Sandra Lovelace Nicholas,Sandra Lovelace Nicholas,Sandra Lovelace Nicholas,Sandra Lovelace Nicholas,,,,,,,,,Sandra Lovelace Nicholas,Sandra Lovelace Nicholas,,,,,,,,,,,,,,,,,,,,,,,,,,,,,,,,,,,,,,,,,,,,,,,,,,,,,,,,,,,,,
Q386676,Paul Massicotte,Paul J. Massicotte,Paul Massicotte,,,Paul Massicotte,Paul Massicotte,Paul Massicotte,Paul J. Massicotte,1951-09-10,male,Paul,politician,Paul Massicotte,Paul Massicotte,Paul Massicotte,Paul Massicotte,Paul Massicotte,,,,,313282817,,,,Paul Massicotte,Paul Massicotte,,,,,/m/06q7kj,,,,,,,,,,,,,,,,,,,,,,,,,,,,,,,,,,,,,,,,,,,,,,,,,,,,,,,,
Q457113,Chantal Petitclerc,Chantal Petitclerc,Chantal Petitclerc,,,Chantal Petitclerc,Chantal Petitclerc,Chantal Petitclerc,Chantal Petitclerc,1969-12-15,female,Chantal,athletics competitor,Chantal Petitclerc,Chantal Petitclerc,Chantal Petitclerc,Chantal Petitclerc,Chantal Petitclerc,Chantal Petitclerc,,,https://upload.wikimedia.org/wikipedia/commons/1/13/Chantal_Petitclerc.jpg,106553009,,,,Chantal Petitclerc,,,Chantal Petitclerc,,,/m/03q52q,http://chantalpetitclerc.com/,,,,,,,,,,,シャンタル・プチクレール,Chantal Petitclercová,Chantal Petitclercová,Chantal Petitclerc,シャンタル・プチクレール,179537,,,,,,,,,,,,,,,,,,,,,,,,,,,,,,,,,chantal-petitclerc,,,,,,
Q4898995,Betty Unger,Betty Unger,Betty Unger,,,Betty Unger,Betty Unger,Betty Unger,,1943-08-21,female,Betty,politician,Betty Unger,Betty Unger,Betty Unger,Betty Unger,Betty Unger,,,,,,,,,Betty Unger,Betty Unger,,,,,,,,,,,,,,,,,,,,,,,,,,,,,,,,,,,,,,,,,,,,,,,,,,,,,,,,,,,,,
Q5045471,Carolyn Stewart-Olsen,Carolyn Stewart Olsen,Carolyn Stewart-Olsen,,,,Carolyn Stewart-Olsen,Carolyn Stewart-Olsen,Carolyn Stewart Olsen,1946-07-27,female,Carolyn,nurse,Carolyn Stewart-Olsen,Carolyn Stewart-Olsen,Carolyn Stewart-Olsen,Carolyn Stewart-Olsen,Carolyn Stewart-Olsen,,,,,,,,,Carolyn Stewart-Olsen,Carolyn Stewart-Olsen,,,,,,,,,,,,,,,,,,,,,,,,,,,,,,,,,,,,,,,,,,,,,,,,,,,,,,,,,,,,,
Q5240957,David Wells,David Wells,David Wells,,,David Wells,David Wells,David Wells (politician),,1962-02-28,male,David,politician,David Wells (politician),David Wells,David Wells,David Wells,David Wells,David Wells,,,,,Дэвид Уэллс,,,David Wells,David Wells,,,,,,,,,,,,,,,,,,,,,,,,,,,,,,,,,,,,,,,,,,,,,,,,,,,,,,,,,,,,,
Q5257618,Denise Batters,Denise Batters,Denise Batters,,,Denise Batters,Denise Batters,Denise Batters,,1970-06-18,female,Denise,politician,Denise Batters,Denise Batters,Denise Batters,Denise Batters,Denise Batters,Denise Batters,,,,,,,,,,,,,,,,,,,,,,,,,,,,,,,,,,,,,,,,,,,,,,,,,,,,,,,,,,,,,,,,,,,,,,
Q5271402,Diane Bellemare,Diane Bellemare,Diane Bellemare,,,Diane Bellemare,Diane Bellemare,Diane Bellemare,Diane Bellemare,1949-10-13,female,Diane,economist,Diane Bellemare,,,,,,,,,304316710,,,,Diane Bellemare,Diane Bellemare,,,,,,,,,,,,,,,,,,,,,,,,,,,,,,,,,,,,,,,,,,,,,,,,,,,,,,,,,,,,,
Q5293328,Don Plett,Don Plett,Don Plett,,,Don Plett,Don Plett,Don Plett,,1950-05-14,male,Don,politician,Don Plett,Don Plett,Don Plett,Don Plett,Don Plett,Don Plett,,,https://upload.wikimedia.org/wikipedia/commons/5/57/Don_Plett_2009.jpg,,,,,Don Plett,Don Plett,,,,,,,,,,,,,,,,,,,,,,,,,,,,,,,,,,,,,,,,,,,,,,,,,,,,,,,,,,,,,
Q5300309,Doug Black,Doug Black,Doug Black,,,Doug Black,Doug Black,Doug Black,,1952-05-10,male,Doug,politician,Doug Black,,,,,,,,https://upload.wikimedia.org/wikipedia/commons/c/c0/Doug_Black_2013_Calgary_Stampede.jpg,,,,,,,,,,,,http://dougblack.ca/,,,,,,,,,,,,,,,,,,,,,,,,,,,,,,,,,,,,,,,,,,,,,,,,,,,,,,,
Q5353253,Elaine McCoy,Elaine McCoy,Elaine McCoy,,,Elaine McCoy,Elaine McCoy,Elaine McCoy,,1946-03-07,female,Elaine,lawyer,Elaine McCoy,,,,,,,,https://upload.wikimedia.org/wikipedia/commons/c/c0/SenatorElaineMcCoysitting.jpg,,,,,Elaine McCoy,Elaine McCoy,,,,,,http://www.albertasenator.ca,,,,,,,,,,,,,,,,,,,,,,,,,,,,,,,,,,,,,,,,,,,,,,,,,,,,,,,
Q5478789,Frances Lankin,Frances Lankin,Frances Lankin,,,Frances Lankin,Frances Lankin,Frances Lankin,,1954-04-16,female,Frances,politician,Frances Lankin,,,,,,,,,,,,,Frances Lankin,Frances Lankin,,,,,,,,,,,,,,,,,,,,,,,,,,,,,,,,,,,,,,,,,,,,,,,,,,,,,,,,,,,,,
Q5536629,George Baker,George Baker,George Baker,,,George Baker,George Baker,George Baker (politician),George Baker (homme politique),1942-09-04,male,George,politician,,George Baker,George Baker,George Baker,George Baker,,,,,,,,,George Baker,George Baker,,,,,,,,,,,,,,,,,,,,,,,,,,,,,,,,,,,,,,,,,,,,,,,,,,,,,,,,,,,,,
Q5539530,George Furey,George Furey,George Furey,,,George Furey,George Furey,George Furey,George Furey,1948-05-12,male,George,politician,George Furey,George Furey,George Furey,George Furey,George Furey,,,,https://upload.wikimedia.org/wikipedia/commons/0/00/George_J._Furey.jpg,,,,,George Furey,George Furey,,,,,,,,,,,,,,,,,,,,,,,,,,,,,Category:George Furey,,,,,,,,,,,,,,,,,,,,,,,,,,,,,,,,
Q5556749,Ghislain Maltais,Ghislain Maltais,Ghislain Maltais,,,Ghislain Maltais,Ghislain Maltais,Ghislain Maltais,Ghislain Maltais,1944-04-22,male,Ghislain,politician,Ghislain Maltais,Ghislain Maltais,Ghislain Maltais,Ghislain Maltais,Ghislain Maltais,,,,https://upload.wikimedia.org/wikipedia/commons/b/ba/Ghislain_Maltais_-_February_2017_(cropped).jpg,,,,,,,,,,,,,,,,,,,,,,,,,,,,,,,,,,,Category:Ghislain Maltais,,,,,,,,,,,,,,,,,,,,,,,,,,,,,,,,
Q5596353,Grant Mitchell,Grant Mitchell,Grant Mitchell,,,Grant Mitchell,Grant Mitchell,Grant Mitchell (politician),,1951-07-19,male,Grant,politician,Grant Mitchell (politician),Grant Mitchell,Grant Mitchell,Grant Mitchell,Grant Mitchell,,,,,272769611,Грант Митчелл,,,Grant Mitchell,Grant Mitchell,,,,,,,,,,,,,,,,,,,,,,,,,,,,,,,,,,,,,,,,,,,,,,,,,,,,,,,,,,,,,
Q5623403,Gwen Boniface,,Gwen Boniface,,,Gwen Boniface,Gwen Boniface,Gwen Boniface,,,female,Gwen,jurist,Gwen Boniface,,,,,,,,,,,,,Gwen Boniface,,,,,,,,,,,,,,,,,,,,,,,,,,,,,,,,,,,,,,,,,,,,,,,,,,,,,,,,,,,,,,
Q581686,Pierrette Ringuette,Pierrette Ringuette,Pierrette Ringuette,,,Pierrette Ringuette,Pierrette Ringuette,Pierrette Ringuette,Pierrette Ringuette,1955-12-31,female,Pierrette,politician,Pierrette Ringuette,Pierrette Ringuette,Pierrette Ringuette,Pierrette Ringuette,Pierrette Ringuette,,,,,,,,,Pierrette Ringuette,Pierrette Ringuette,,,,,/m/05fl8r,,,,,,,,5419,,,,,,,,,,,,,,,,,,,,,,,,,,,,,,,,,,,,,,,,,,,,,,,,
Q5921234,Howard Wetston,,Howard Wetston,,,Howard Wetston,Howard Wetston,Howard Wetston,,1947-06-03,male,Howard,lawyer,Howard Wetston,,,,,,,,,,,,,,,,,,,/m/0j26vyj,,,,,,,,,,,,,,,,,,,,,,,,,,,,,,,,,,,,,,,,,,,,,,,,,,,,,,,,
Q6151275,Jane Cordy,Jane Cordy,Jane Cordy,,,Jane Cordy,Jane Cordy,Jane Cordy,,1950-07-02,female,Jane,politician,Jane Cordy,Jane Cordy,Jane Cordy,Jane Cordy,Jane Cordy,,,,,,,,,Jane Cordy,Jane Cordy,,,,,,,,,,,,,,,,,,,,,,,,,,,,,,,,,,,,,,,,,,,,,,,,,,,,,,,,,,,,,
Q6169316,Jean-Guy Dagenais,Jean-Guy Dagenais,Jean-Guy Dagenais,,,,Jean-Guy Dagenais,Jean-Guy Dagenais,Jean-Guy Dagenais,1950-02-02,male,Jean-Guy,politician,Jean-Guy Dagenais,Jean-Guy Dagenais,Jean-Guy Dagenais,Jean-Guy Dagenais,Jean-Guy Dagenais,,,,,,,,,,,,,,,/m/0hzrtnk,http://senateurdagenais.ca/,,,,,,,,,,,,,,,,,,,,,,,,,,,,,,,,,,,,,,,,,,,,,,,,,,,,,,,
Q6197083,Jim Munson,Jim Munson,Jim Munson,,,Jim Munson,Jim Munson,Jim Munson,,1946-07-14,male,Jim,journalist,Jim Munson,Jim Munson,Jim Munson,Jim Munson,Jim Munson,,,,https://upload.wikimedia.org/wikipedia/commons/d/da/Jim_Munson.jpg,,,,,Jim Munson,Jim Munson,,,,,,,,,,,,,,,,,,,,,,,,,,,,,,,,,,,,,,,,,,,,,,,,,,,,,,,,,,,,,
Q6280781,Joseph A. Day,Joseph A. Day,Joseph A. Day,,,Joseph A. Day,Joseph A. Day,Joseph A. Day,Joseph A. Day,1945-01-24,male,Joseph,politician,Joseph A. Day,Joseph A. Day,Joseph A. Day,Joseph A. Day,Joseph A. Day,,,,,,,,,Joseph A. Day,Joseph A. Day,,,,,,,,,,,,Day,,,,,,,,,,,,,,,,,,,,,,,,,,,,,,,,,,,,,,,,,,,,,,,,,
Q6386718,Kelvin Ogilvie,Kelvin Ogilvie,Kelvin Ogilvie,,,Kelvin Ogilvie,Kelvin Ogilvie,Kelvin Ogilvie,,1942-11-06,male,Kelvin,politician,Kelvin Ogilvie,Kelvin Ogilvie,Kelvin Ogilvie,Kelvin Ogilvie,Kelvin Ogilvie,,Kelvin Ogilvie,Kelvin Ogilvie,https://upload.wikimedia.org/wikipedia/commons/3/32/Kelvin_Ogilvie.jpg,106646803,,,,,,,,,,,,,,,,,,,,,,,,,,,,,,,,,,,,,,,,,,,,,,,,,,,,,,,,,,,,,,,,,,
Q6540386,Libbe Hubley,Libbe Hubley,Libbe Hubley,,,Libbe Hubley,Libbe Hubley,Libbe Hubley,,1942-09-08,female,,politician,,Libbe Hubley,Libbe Hubley,Libbe Hubley,Libbe Hubley,,,,,,,,,Libbe Hubley,Libbe Hubley,,,,,,,,,,,,,,,,,,,,,,,,,,,,,,,,,,,,,,,,,,,,,,,,,,,,,,,,,,,,,
Q6551575,Linda Frum,Linda Frum,Linda Frum,,,Linda Frum,Linda Frum,Linda Frum,,1963-01-13,female,Linda,politician,Linda Frum,Linda Frum,Linda Frum,Linda Frum,Linda Frum,Linda Frum,,,,105948833,,,,Linda Frum,Linda Frum,,,,,,,,,,,,,,,,,,,,,,,,,,,,,,,,,,,,,,,,,,,,,,,,,,,,,,,,,,,,,
Q668271,Elizabeth Marshall,Elizabeth Marshall,Elizabeth Marshall,,,Elizabeth Marshall,Elizabeth Marshall,Elizabeth Marshall,Elizabeth Marshall,1951-09-07,female,Elizabeth,politician,Elizabeth Marshall,Elizabeth Marshall,Elizabeth Marshall,Elizabeth Marshall,Elizabeth Marshall,,,,,,Элизабет Маршалл,,,Elizabeth Marshall,Elizabeth Marshall,,,,,/m/03cd5yr,,,,,,,,,,,,,,,,,,,,,,,,,,,,,,,,,,,,,,,,,,,,,,,,,,,,,,,,
Q6708935,Lynn Beyak,Lynn Beyak,Lynn Beyak,,,Lynn Beyak,Lynn Beyak,Lynn Beyak,,1949-02-18,female,Lynn,politician,Lynn Beyak,Lynn Beyak,Lynn Beyak,Lynn Beyak,Lynn Beyak,,,,,,,,,,,,,,,,,,,,,,,,,,,,,,,,,,,,,,,,,,,,,,,,,,,,,,,,,,,,,,,,,,,,,,,
Q6763480,Marilou McPhedran,,Marilou McPhedran,,,Marilou McPhedran,,Marilou McPhedran,,,female,Marilou,lawyer,Marilou McPhedran,,,,,Marilou McPhedran,,,,,,,,,,,,,,/m/0n48_0l,,,,,,,,,,,,,,,,,,,,,,,,,,,,,,,,,,,,,,,,,,,,,,,,,,,,,,,,
Q6832030,Michael L. MacDonald,Michael L. MacDonald,Michael L. MacDonald,,,,Michael L. MacDonald,Michael L. MacDonald,,1955-05-04,male,Michael,politician,Michael L. MacDonald,Michael L. MacDonald,Michael L. MacDonald,Michael L. MacDonald,Michael L. MacDonald,,,,,,,,,,,,,,,,,,,,,,,,,,,,,,,,,,,,,,,,,,,,,,,,,,,,,,,,,,,,,,,,,,,,,,,
Q6887337,Mobina Jaffer,Mobina Jaffer,Mobina Jaffer,,,Mobina Jaffer,Mobina Jaffer,Mobina Jaffer,,1949-08-20,female,,lawyer,Mobina Jaffer,Mobina Jaffer,Mobina Jaffer,Mobina Jaffer,Mobina Jaffer,,,,,,,,,Mobina Jaffer,Mobina Jaffer,,,,,,,,,,,,,,,,,,,,,,,,,,,,,,,,,,,,,,,,,,,,,,,,,,,,,,,,,,,,,
Q6939457,Murray Sinclair,,Murray Sinclair,,,Murray Sinclair,,Murray Sinclair,,1951,male,Murray,judge,Murray Sinclair,,,,,,,,https://upload.wikimedia.org/wikipedia/commons/0/01/Murray_Sinclair_at_Shingwauk_2015_Gathering.jpg,,,,,,,,,,,/m/02wwm2n,,,,,,,,,,,,,,,,,,,,,,,,,,,,,,,,,,,,,,,,,,,,,,,,,,,,,,,,
Q7030042,Nicole Eaton,Nicole Eaton,Nicole Eaton,,,Nicole Eaton,Nicole Eaton,Nicole Eaton,,1945-01-21,female,Nicole,politician,Nicole Eaton,Nicole Eaton,Nicole Eaton,Nicole Eaton,Nicole Eaton,Nicole Eaton,,,,,,,,,,,,,,,,,,,,,,,,,,,,,,,,,,,,,,,,,,,,,,,,,,,,,,,,,,,,,,,,,,,,,,
Q705518,Art Eggleton,Art Eggleton,Art Eggleton,,,Art Eggleton,Art Eggleton,Art Eggleton,Art Eggleton,1943-09-29,male,Art,politician,Art Eggleton,Art Eggleton,Art Eggleton,Art Eggleton,Art Eggleton,,,,https://upload.wikimedia.org/wikipedia/commons/f/f9/Art_Eggleton_1.JPG,106714209,Арт Эгглтон,,,Art Eggleton,Art Eggleton,,Art Eggleton,,,/m/02_s9g,,,,,,,,,,,,,,,,,,,,,,,,,,,,,,,,,,,,,,,,,,,,,,,,,,,,,,,,
Q7129736,Pana Merchant,Pana Merchant,Pana Merchant,,,Pana Merchant,Pana Merchant,Pana Merchant,,1943-04-02,female,,politician,,Pana Merchant,Pana Merchant,Pana Merchant,Pana Merchant,Pana Merchant,,,,,Пана Мерчант,"Мерчант, Пана",,Pana Merchant,Pana Merchant,帕納·默錢特,,,,,,,,,,,,,,,,,,,,,,,,,,,,,,,,,,,,,,,,,,,,,,,,,,,,,,,Πάνα Μέρσαντ,,,,,
Q7299317,Raynell Andreychuk,Raynell Andreychuk,Raynell Andreychuk,,,Raynell Andreychuk,Raynell Andreychuk,Raynell Andreychuk,,1944-08-14,female,,lawyer,Raynell Andreychuk,,,,,,,,,56435646,,,,Raynell Andreychuk,Raynell Andreychuk,,Raynell Andreychuk,,no2008150481,/m/05rrkh,,0000 0000 7402 7100,,,,,,,,,,,,,,,,,,,,,Андрійчук Рейнелл,Category:Raynell Andreychuk,Рейнелл Андрейчук,,,,,,,,,,,,,,,,,,,,,,,,,,,,,,,
Q7328032,Richard Neufeld,Richard Neufeld,Richard Neufeld,,,Richard Neufeld,Richard Neufeld,Richard Neufeld,,1944-11-06,male,Richard,politician,Richard Neufeld,,,,,Richard Neufeld,,,,221145492,,,,Richard Neufeld,Richard Neufeld,,,,,,,,,,,,,,,,,,,,,,,,,,,,,,,,,,,,,,,,,,,,,,,,,,,,,,,,,,,,,
Q7405355,Salma Ataullahjan,Salma Ataullahjan,Salma Ataullahjan,,,Salma Ataullahjan,Salma Ataullahjan,Salma Ataullahjan,,1952-04-29,female,Salma,politician,Salma Ataullahjan,,,,,,,,https://upload.wikimedia.org/wikipedia/commons/d/db/SenatorSalma(Cropped).jpg,307170072,,,,,,,,,,,,,,,,,,,,,,,,,,,,,,,,,,,,,,,,,,,,,,,,,,,,,,,,,,,,,,,,,,
Q7437348,Scott Tannas,Scott Tannas,Scott Tannas,,,Scott Tannas,Scott Tannas,Scott Tannas,,1962-02-25,male,Scott,politician,Scott Tannas,,,,,Scott Tannas,,,,,,,,,,,,,,,,,,,,,,,,,,,,,,,,,,,,,,,,,,,,,,,,,,,,,,,,,,,,,,,,,,,,,,
Q7574318,Speaker pro tempore of the Canadian Senate,,Speaker pro tempore of the Canadian Senate,,,,,Speaker Pro Tempore of the Canadian Senate,,,,,,Speaker Pro Tempore of the Canadian Senate,,,,,,,,,,,,,,,,,,,,,,,,,,,,,,,,,,,,,,,,,,,,,,,,,,,,,,,,,,,,,,,,,,,,,,,,,,,
Q7609352,Stephen Greene,Stephen Greene,Stephen Greene,,,Stephen Greene,Stephen Greene,Stephen Greene (politician),,1949-12-08,male,Stephen,politician,Stephen Greene (politician),Stephen Greene,Stephen Greene,Stephen Greene,Stephen Greene,,,,,257722547,,,,Stephen Greene,Stephen Greene,,,,,,,,,,,,,,,,,,,,,,,,,,,,,,,,,,,,,,,,,,,,,,,,,,,,w6gf9j14,,,,,,,,,
Q7704796,Terry Mercer,Terry Mercer,Terry Mercer,,,Terry Mercer,Terry Mercer,Terry Mercer,,1947-05-06,male,Terry,politician,Terry Mercer,Terry Mercer,Terry Mercer,Terry Mercer,Terry Mercer,,,,,,,,,Terry Mercer,Terry Mercer,,,,,,,,,,,,,,,,,,,,,,,,,,,,,,,,,,,,,,,,,,,,,,,,,,,,,,,,,,,,,
Q7710334,Thanh Hai Ngo,Thanh Hai Ngo,Thanh Hai Ngo,,,Thanh Hai Ngo,Thanh Hai Ngo,Thanh Hai Ngo,Thanh Hai Ngo,1947-01-03,male,,politician,Thanh Hai Ngo,,,,,,,,,,,,,Thanh Hai Ngo,Thanh Hai Ngo,,,,,/m/0m03qwq,,,,,,,,,,,,,,,,,,,,,,,,,,,,,,,,,,,,,,,,,,,,,,,,Ngô Thanh Hải,Ngô Thanh Hải,,,,,,,
Q7816827,Tom McInnis,Tom McInnis,Tom McInnis,,,Tom McInnis,Tom McInnis,Tom McInnis,,1945-04-09,male,Tom,lawyer,Tom McInnis,,,,,Tom McInnis,,,,,,,,,,,,,,/m/0m0ftkt,http://senatormcinnis.sencanada.ca,,,,,,,,,,,,,,,,,,,,,,,,,,,,,,,,,,,,,,,,,,,,,,,,,,,,,,,
Q7822211,Tony Dean,Tony Dean,Tony Dean,,,Tony Dean,Tony Dean,Tony Dean (Canadian senator),,1953-08-19,male,Tony,,Tony Dean (Canadian senator),,,,,,,,,,,,,Tony Dean,,,,,,,,,,,,,,,,,,,,,,,,,,,,,,,,,,,,,,,,,,,,,,,,,,,,,,,,,,,,,,
Q7922281,Vernon White,Vernon White,Vernon White,,,Vernon White,Vernon White,Vernon White (politician),,1959-02-21,male,Vernon,politician,Vernon White (politician),Vernon White,Vernon White,Vernon White,Vernon White,,,,https://upload.wikimedia.org/wikipedia/commons/d/d2/Vernon_White_-_September_2016_(cropped).jpg,305233260,,,,,,,,,,,,,,,,,,,,,,,,,,,,,,,,,,Category:Vernon White (politician),,,,,,,,,,,,,,,,,,,,,,,,,,,,,,,,
Q7926201,Victor Oh,Victor Oh,Victor Oh,,,Victor Oh,Victor Oh,Victor Oh,,1949-06-10,male,Victor,politician,Victor Oh,Victor Oh,Victor Oh,Victor Oh,Victor Oh,Victor Oh,,,https://upload.wikimedia.org/wikipedia/commons/4/49/Senator_Victor_Oh.png,,,,,,,,,,,,,,,,,,,,,,,,,,,,,,,,,,,,,,,,,,,,,,,,,,,,,,,,,,,,,,,,,,,
Q8054885,Yonah Martin,Yonah Martin,Yonah Martin,,,Yonah Martin,Yonah Martin,Yonah Martin,,1965-04-11,female,,politician,Yonah Martin,,,,,,,,https://upload.wikimedia.org/wikipedia/commons/d/dc/Yonah_Martin.png,,,,,,,,,,,,,,,,연아 마틴,연아 마틴,Martin,,,,,,,,,,,,,,,,,,,,,,,,,,,,,,,,,,,,,,,,,,,,,,,,,
Q8060296,Yuen Pau Woo,,Yuen Pau Woo,,,Yuen Pau Woo,,Yuen Pau Woo,,,male,,economist,Yuen Pau Woo,,,,,,,,,,,,,Yuen Pau Woo,,,,,,,,,,,,,,,,,,,,,,,,,,,,,,,,,,,,,,,,,,,,,,,,,,,,,,,,,,,,,,
Q927215,Jacques Demers,Jacques Demers,Jacques Demers,,,Jacques Demers,Jacques Demers,Jacques Demers,Jacques Demers,1944-08-25,male,Jacques,politician,Jacques Demers,Jacques Demers,Jacques Demers,Jacques Demers,Jacques Demers,Jacques Demers,,,https://upload.wikimedia.org/wikipedia/commons/b/bd/Jacques_Demers.jpg,102788414,Жак Демерс,,,Jacques Demers,Jacques Demers,,Jacques Demers,,,/m/05zykc,,,,,,,,,,,,,,,,,,,,,,,,,,,,,,,,,,,,,,,,,,,,,,,,,,,,,,,,
