id,name,sort_name,email,twitter,facebook,group,group_id,area_id,area,chamber,term,start_date,end_date,image,gender,wikidata,wikidata_group,wikidata_area
8bc2bea4-3a07-4d6b-8306-4e0312c939cc,Adam Bandt,"Bandt, Adam",Adam.Bandt.MP@aph.gov.au,adambandt,Adam.Bandt.MP,Australian Greens,australian_greens,melbourne,Melbourne,House of Representatives,45,,,/api/parliamentarian/M3C/image,male,Q4678672,Q781486,Q1635847
e5ea02d1-a007-4e1c-ab7a-0073cbcc259b,Alan Tudge,"Tudge, Alan",alan.tudge.mp@aph.gov.au,AlanTudgeMP,alantudgemp,Liberal Party,liberal_party,aston,Aston,House of Representatives,45,,,/api/parliamentarian/M2Y/image,male,Q4707935,Q241149,Q1074102
e34e9125-ffb6-427e-8e2d-6f8b127607ec,Alex Hawke,"Hawke, Alex",alex.hawke.mp@aph.gov.au,alexhawkemp,alex.hawke.mp,Liberal Party,liberal_party,mitchell,Mitchell,House of Representatives,45,,,/api/parliamentarian/HWO/image,male,Q4717151,Q241149,Q2973776
fc84d43e-ff80-49ed-a480-4f8a4c6ee7ef,Amanda Rishworth,"Rishworth, Amanda",Amanda.Rishworth.MP@aph.gov.au,AmandaRishworth,rishworth,Australian Labor Party,australian_labor_party,kingston,Kingston,House of Representatives,45,,,/api/parliamentarian/HWA/image,female,Q4739745,Q216082,Q3032417
8a990ff1-0ab5-47f8-9e7f-3de7f68a70aa,Andrew Broad,"Broad, Andrew",andrew.broad.mp@aph.gov.au,broad4mallee,,National Party,national_party,mallee,Mallee,House of Representatives,45,,,/api/parliamentarian/30379/image,male,Q16215193,Q946040,Q2973737
5d1fa17a-a19c-4bd5-8a71-32b55d3558a1,Andrew Gee,"Gee, Andrew",,AndrewGeeMP,,National Party,national_party,calare,Calare,House of Representatives,45,,,/api/parliamentarian/261393/image,male,Q4757071,Q946040,Q1026265
e05b0c6a-a974-4daf-a352-63eb109d1e15,Andrew Giles,"Giles, Andrew",andrew.giles.mp@aph.gov.au,andrewjgiles,AndrewGilesScullin,Australian Labor Party,australian_labor_party,scullin,Scullin,House of Representatives,45,,,/api/parliamentarian/243609/image,male,Q16214422,Q216082,Q2973832
938f5a5f-4165-43b1-91e1-78064303ac6c,Andrew Hastie,"Hastie, Andrew",Andrew.Hastie.MP@aph.gov.au,,hastieandrew,Liberal Party,liberal_party,canning,Canning,House of Representatives,45,,,/api/parliamentarian/260805/image,male,Q21066082,Q241149,Q2973485
381eea49-0f41-472b-a15f-a1eb9ad4b43b,Andrew Laming,"Laming, Andrew",andrew.laming.mp@aph.gov.au,AndrewLamingMP,100000494042921,Liberal Party,liberal_party,bowman,Bowman,House of Representatives,45,,,/api/parliamentarian/E0H/image,male,Q4757684,Q241149,Q2973472
5ab8fcb4-11f9-4895-a96f-21c54f394898,Andrew Leigh,"Leigh, Andrew",Andrew.Leigh.MP@aph.gov.au,ALEIGHMP,Andrew-Leigh-MP-129819533748295,Australian Labor Party,australian_labor_party,fenner,Fenner,House of Representatives,45,,,/api/parliamentarian/BU8/image,male,Q4757734,Q216082,Q23646678
08f53185-b716-4f37-a5d8-cc498c895a0b,Andrew Wallace,"Wallace, Andrew",,,wallace4fisher,Liberal Party,liberal_party,fisher,Fisher,House of Representatives,45,,,/api/parliamentarian/265967/image,male,Q25756194,Q241149,Q2973569
b7a17fc8-8d14-4cf2-8fe1-4cc39002fcec,Andrew Wilkie,"Wilkie, Andrew",andrew.wilkie.mp@aph.gov.au,WilkieMP,andrewwilkiemp,Independent,independent,denison,Denison,House of Representatives,45,,,/api/parliamentarian/C2T/image,male,Q4758919,Q327591,Q784520
65b51fa0-5d8d-49dd-a9f2-5e36f26017fd,Angus Taylor,"Taylor, Angus",Angus.Taylor.MP@aph.gov.au,angustaylormp,Angustaylor4hume,Liberal Party,liberal_party,hume,Hume,House of Representatives,45,,,/api/parliamentarian/231027/image,male,Q16196728,Q241149,Q2973659
710c9170-6d1e-4512-8033-8ecc846dff6f,Ann Sudmalis,"Sudmalis, Ann",Ann.Sudmalis.MP@aph.gov.au,Ann_SudmalisMP,AnnSudmalisMP,Liberal Party,liberal_party,gilmore,Gilmore,House of Representatives,45,,,/api/parliamentarian/241586/image,female,Q16186916,Q241149,Q2973616
d140371e-1f5a-4236-874a-58ff7b10f417,Anne Aly,"Aly, Anne",,,,Australian Labor Party,australian_labor_party,cowan,Cowan,House of Representatives,45,,,/api/parliamentarian/13050/image,female,Q20631311,Q216082,Q2973507
edd7b0b5-0f3d-47d2-b761-77136a552144,Anne Stanley,"Stanley, Anne",Anne.Stanley.MP@aph.gov.au,annewerriwa,anne.stanley.werriwa,Australian Labor Party,australian_labor_party,werriwa,Werriwa,House of Representatives,45,,,/api/parliamentarian/265990/image,female,Q25768264,Q216082,Q2973901
5e7b542d-5f5e-4502-9ce2-4d0d4eaafc3c,Anthony Albanese,"Albanese, Anthony",A.Albanese.MP@aph.gov.au,AlboMP,,Australian Labor Party,australian_labor_party,grayndler,Grayndler,House of Representatives,45,,,/api/parliamentarian/R36/image,male,Q335697,Q216082,Q1079489
a4ca3a48-60dd-413f-b825-dc1b11b61fb1,Anthony Byrne,"Byrne, Anthony",Anthony.Byrne.MP@aph.gov.au,AnthonyByrne_MP,anthonybyrne,Australian Labor Party,australian_labor_party,holt,Holt,House of Representatives,45,,,/api/parliamentarian/008K0/image,male,Q4772190,Q216082,Q2973650
3ff42d8e-38ab-4ac0-bb07-f7205470544a,Barnaby Joyce,"Joyce, Barnaby",barnaby.joyce.mp@aph.gov.au,Barnaby_Joyce,BarnabyJoyceMP,National Party,national_party,new_england,New England,House of Representatives,45,,2017-10-27,/api/parliamentarian/E5D/image,male,Q4861362,Q946040,Q2973794
3ff42d8e-38ab-4ac0-bb07-f7205470544a,Barnaby Joyce,"Joyce, Barnaby",barnaby.joyce.mp@aph.gov.au,Barnaby_Joyce,BarnabyJoyceMP,National Party,national_party,new_england,New England,House of Representatives,45,2017-12-02,,/api/parliamentarian/E5D/image,male,Q4861362,Q946040,Q2973794
1071be56-5e38-4164-a256-2b7160075163,Ben Morton,"Morton, Ben",Ben.Morton.MP@aph.gov.au,,BenMortonAU,Liberal Party,liberal_party,tangney,Tangney,House of Representatives,45,,,/api/parliamentarian/265931/image,male,Q25352543,Q241149,Q2973868
744fc9fe-4cac-4f49-b8f5-b00944c5ef01,Bert Van Manen,"Van Manen, Bert",bert.vanmanen.mp@aph.gov.au,bertvanmanen,,Liberal Party,liberal_party,forde,Forde,House of Representatives,45,,,/api/parliamentarian/188315/image,male,Q4895353,Q241149,Q2973572
ef4600b0-ae4f-4492-9967-6577b2154d64,Bill Shorten,"Shorten, Bill",Bill.Shorten.MP@aph.gov.au,billshortenmp,BillShorten,Australian Labor Party,australian_labor_party,maribyrnong,Maribyrnong,House of Representatives,45,,,/api/parliamentarian/00ATG/image,male,Q4910865,Q216082,Q2973742
863a3eed-4c04-4ba1-9c0c-7237d74c8758,Bob Katter,"Katter, Bob",Bob.Katter.MP@aph.gov.au,RealBobKatter,bobkattermp,Katter's Australian Party,katter's_australian_party,kennedy,Kennedy,House of Representatives,45,,,/api/parliamentarian/HX4/image,male,Q4932983,,Q2973687
c03a6d98-3ea6-43eb-8666-deea8bd83d8c,Brendan O'Connor,"O'Connor, Brendan",Brendan.O'Connor.MP@aph.gov.au,BOConnorMP,Brendan-OConnor-MP-287789063686,Australian Labor Party,australian_labor_party,gorton,Gorton,House of Representatives,45,,,/api/parliamentarian/00AN3/image,male,Q4961047,Q216082,Q2973629
2c57c842-4c26-488a-8c29-d1e281a26c74,Brian Mitchell,"Mitchell, Brian",,brianmitchellmp,brianmitchellforlyons2016,Australian Labor Party,australian_labor_party,lyons,Lyons,House of Representatives,45,,,/api/parliamentarian/129164/image,male,Q26695681,Q216082,Q1878928
fb9d872b-f539-42f2-a8a4-c4ec6d443274,Catherine King,"King, Catherine",Catherine.King.MP@aph.gov.au,CatherineKingMP,CatherineKingMP,Australian Labor Party,australian_labor_party,ballarat,Ballarat,House of Representatives,45,,,/api/parliamentarian/00AMR/image,female,Q5052776,Q216082,Q2973434
7c0b3f22-151b-452d-b842-484bcc053aba,Cathy McGowan,"McGowan, Cathy",Cathy.McGowan.MP@aph.gov.au,Indigocathy,CathyMcgowanForIndi,Independent,independent,indi,Indi,House of Representatives,45,,,/api/parliamentarian/123674/image,female,Q16185462,Q327591,Q2973417
36f39c81-a50b-4279-baed-73fbd8ec0a59,Cathy O'Toole,"O'Toole, Cathy",,c_otoole,,Australian Labor Party,australian_labor_party,herbert,Herbert,House of Representatives,45,,,/api/parliamentarian/249908/image,female,Q26703057,Q216082,Q2973647
2c1c7f92-58ec-4324-b617-e65d7d35cc86,Chris Bowen,"Bowen, Chris",Chris.Bowen.MP@aph.gov.au,Bowenchris,chrisbowenmp,Australian Labor Party,australian_labor_party,mcmahon,McMahon,House of Representatives,45,,,/api/parliamentarian/DZS/image,male,Q1077015,Q216082,Q1073946
71e688f6-4724-4842-a12e-08393a3762b8,Chris Crewther,"Crewther, Chris",,ChrisCrewtherMP,,Liberal Party,liberal_party,dunkley,Dunkley,House of Representatives,45,,,/api/parliamentarian/248969/image,male,Q25756186,Q241149,Q1079523
a9ffa238-a689-4a84-8ee0-4f8b1bed28c8,Chris Hayes,"Hayes, Chris",Chris.Hayes.MP@aph.gov.au,JulieCollinsMP,ChrisHayesMP,Australian Labor Party,australian_labor_party,fowler,Fowler,House of Representatives,45,,,/api/parliamentarian/ECV/image,male,Q5106836,Q216082,Q2973575
a75a818c-1f7e-45d9-ac59-25d11cef8b07,Christian Porter,"Porter, Christian",Christian.porter.mp@aph.gov.au,cporterwa,christianportermp,Liberal Party,liberal_party,pearce,Pearce,House of Representatives,45,,,/api/parliamentarian/208884/image,male,Q5110039,Q241149,Q2973802
96fb7de7-2e09-4fae-97e3-27b2ac4b62e5,Christopher Pyne,"Pyne, Christopher",C.Pyne.MP@aph.gov.au,CPyne,christopher.pyne,Liberal Party,liberal_party,sturt,Sturt,House of Representatives,45,,,/api/parliamentarian/9V5/image,male,Q978276,Q241149,Q2973854
a9f728c3-7bf5-4547-8641-523a032cb0ec,Clare O'Neil,"O'Neil, Clare",Clare.ONeil.MP@aph.gov.au,ClareONeilMP,ClareforHotham,Australian Labor Party,australian_labor_party,hotham,Hotham,House of Representatives,45,,,/api/parliamentarian/140590/image,female,Q5126228,Q216082,Q2973653
e579a5bd-f75f-4e4c-8b3d-3af097e2645e,Craig Kelly,"Kelly, Craig",craig.kelly.mp@aph.gov.au,CraigKellyMP,CraigKellyMP,Liberal Party,liberal_party,hughes,Hughes,House of Representatives,45,,,/api/parliamentarian/99931/image,male,Q5181115,Q241149,Q2973656
9f64d68e-e17f-41f9-9c53-12624457f050,Craig Laundy,"Laundy, Craig",Craig.Laundy.MP@aph.gov.au,LaundyCraigMP,CraigLaundyMP,Liberal Party,liberal_party,reid,Reid,House of Representatives,45,,,/api/parliamentarian/247130/image,male,Q16213600,Q241149,Q2973816
e3508e8c-1f7d-4af1-b9e2-39dccae07dff,Damian Drum,"Drum, Damian",,Damiandrumnat,,National Party,national_party,murray,Murray,House of Representatives,45,,,/api/parliamentarian/56430/image,male,Q5212240,Q946040,Q2973788
fbbc8bb8-44bd-4f20-89df-0c848c141e70,Dan Tehan,"Tehan, Dan",dan.tehan.mp@aph.gov.au,DanTehanWannon,Dan-Tehan-MP-307339209323908,Liberal Party,liberal_party,wannon,Wannon,House of Representatives,45,,,/api/parliamentarian/210911/image,male,Q5214486,Q241149,Q2973885
edfed82d-acf2-41a2-ab79-0e1635321751,Darren Chester,"Chester, Darren",darren.chester.mp@aph.gov.au,DarrenChesterMP,darrenchestermp,National Party,national_party,gippsland,Gippsland,House of Representatives,45,,,/api/parliamentarian/IPZ/image,male,Q5224839,Q946040,Q2973620
46aabac2-be1d-4a2f-8654-652e9b4e5ba3,David Coleman,"Coleman, David",david.coleman.mp@aph.gov.au,DavidColemanMP,davidcoleman4banks,Liberal Party,liberal_party,banks,Banks,House of Representatives,45,,,/api/parliamentarian/241067/image,male,Q16214788,Q241149,Q2425863
398b960c-92c0-4183-92c1-74d35ea4ec38,David Feeney,"Feeney, David",david.feeney@australianlabor.com.au,Feeney4Batman,,Australian Labor Party,australian_labor_party,batman,Batman,House of Representatives,45,,2018-02-01,/api/parliamentarian/I0O/image,male,Q16213376,Q216082,Q2973440
546c1f34-fb68-487e-b4f8-24ad9bfcf5be,David Gillespie,"Gillespie, David",david.gillespie.mp@aph.gov.au,DaveGillespieMP,DavidGillespieMP,National Party,national_party,lyne,Lyne,House of Representatives,45,,,/api/parliamentarian/72184/image,male,Q16189272,Q946040,Q2973724
ec0f109b-ad8d-46aa-8194-e86c369baced,David Littleproud,"Littleproud, David",David.Littleproud.MP@aph.gov.au,D_LittleproudMP,david.littleproud.1,National Party,national_party,maranoa,Maranoa,House of Representatives,45,,,/api/parliamentarian/265585/image,male,Q25756209,Q946040,Q2973739
c344052a-1711-4438-9104-68eef7ac0dc7,Ed Husic,"Husic, Ed",Ed.Husic.MP@aph.gov.au,edhusicMP,ehusic,Australian Labor Party,australian_labor_party,chifley,Chifley,House of Representatives,45,,,/api/parliamentarian/91219/image,male,Q5334974,Q216082,Q1073690
28b9974b-fbeb-4a4c-9265-c7e117d664bc,Emma Husar,"Husar, Emma",,emmahusarmp,,Australian Labor Party,australian_labor_party,lindsay,Lindsay,House of Representatives,45,,,/api/parliamentarian/263328/image,female,Q25753138,Q216082,Q1074066
f7bc11a0-6375-4b9d-9b67-b10baebd132c,Emma McBride,"McBride, Emma",,Emma4Dobell,,Australian Labor Party,australian_labor_party,dobell,Dobell,House of Representatives,45,,,/api/parliamentarian/248353/image,female,Q25844494,Q216082,Q509342
3a955a13-cfbf-44ff-a396-323f69a0333d,Gai Brodtmann,"Brodtmann, Gai",Gai.Brodtmann.MP@aph.gov.au,GaiBrodtmannMP,Gai-Brodtmann-139691649380518,Australian Labor Party,australian_labor_party,canberra,Canberra,House of Representatives,45,,,/api/parliamentarian/30540/image,female,Q5516953,Q216082,Q2973482
5a54503b-d2d4-4e31-8fc9-c4e227d6da5e,Ged Kearney,"Kearney, Ged",Ged.Kearney.MP@aph.gov.au,gedkearney,GedKearneyLabor,Australian Labor Party,australian_labor_party,batman,Batman,House of Representatives,45,2018-03-17,,/api/parliamentarian/LTU/image,,,Q216082,Q2973440
45cb835e-be93-4392-8bfa-48181fdc53e5,George Christensen,"Christensen, George",george.christensen.mp@aph.gov.au,GChristensenMP,georgechristensen78,National Party,national_party,dawson,Dawson,House of Representatives,45,,,/api/parliamentarian/230485/image,male,Q5537893,Q946040,Q1079471
71da8087-4ea1-4a09-97c5-ba9217a11efd,Graham Perrett,"Perrett, Graham",graham.perrett.mp@aph.gov.au,GrahamPerrettMP,GrahamPerrettMp,Australian Labor Party,australian_labor_party,moreton,Moreton,House of Representatives,45,,,/api/parliamentarian/HVP/image,male,Q5593142,Q216082,Q2973781
84408d61-da38-48e6-a66c-dca517711fcc,Greg Hunt,"Hunt, Greg",Greg.Hunt.MP@aph.gov.au,greghuntmp,greg.hunt.mp,Liberal Party,liberal_party,flinders,Flinders,House of Representatives,45,,,/api/parliamentarian/00AMV/image,male,Q5605742,Q241149,Q2973570
e237cde9-1c83-4d16-a45e-0cd997ad74b8,Ian Goodenough,"Goodenough, Ian",ian.goodenough.mp@aph.gov.au,IanGoodenoughMP,,Liberal Party,liberal_party,moore,Moore,House of Representatives,45,,,/api/parliamentarian/74046/image,male,Q16215281,Q241149,Q2973779
ead00127-d132-40df-a7f9-a134ac7bdad2,Jane Prentice,"Prentice, Jane",Jane.Prentice.MP@aph.gov.au,JanePrentice_MP,jprenticemp,Liberal Party,liberal_party,ryan,Ryan,House of Representatives,45,,,/api/parliamentarian/217266/image,female,Q6152639,Q241149,Q2973824
0e98dbb1-a903-4eab-9c81-9848678de709,Jason Clare,"Clare, Jason",jason.clare.mp@aph.gov.au,JasonClareMP,JasonClareMP,Australian Labor Party,australian_labor_party,blaxland,Blaxland,House of Representatives,45,,,/api/parliamentarian/HWL/image,male,Q6162219,Q216082,Q1074143
d2b63af6-f11b-46a6-9924-6b97354bc58c,Jason Falinski,"Falinski, Jason",Jason.Falinski.MP@aph.gov.au,jasonfalinskiMP,JasonFalinskiMP,Liberal Party,liberal_party,mackellar,Mackellar,House of Representatives,45,,,/api/parliamentarian/G86/image,male,Q23939864,Q241149,Q918989
9c3bf8be-c31d-429d-a8b8-46b036870165,Jason Wood,"Wood, Jason",Jason.Wood.MP@aph.gov.au,JasonWood_MP,JasonWood.updates,Liberal Party,liberal_party,la_trobe,La Trobe,House of Representatives,45,,,/api/parliamentarian/E0F/image,male,Q6163809,Q241149,Q2973715
5aa64c9c-fcfd-4ed3-8880-852db5f3620c,Jenny Macklin,"Macklin, Jenny",jmacklin.mp@aph.gov.au,,,Australian Labor Party,australian_labor_party,jagajaga,Jagajaga,House of Representatives,45,,,/api/parliamentarian/PG6/image,female,Q434649,Q216082,Q2973662
4c38fc33-dccc-4714-ac28-2dc21bed7f07,Jim Chalmers,"Chalmers, Jim",jim.chalmers.mp@aph.gov.au,JEChalmers,jim4rankin,Australian Labor Party,australian_labor_party,rankin,Rankin,House of Representatives,45,,,/api/parliamentarian/37998/image,male,Q16217223,Q216082,Q2973814
7d24480e-99e8-4ffb-9750-2116b8ae69d6,Joanne Ryan,"Ryan, Joanne",joanne.ryan.mp@aph.gov.au,JoanneRyanLalor,JoanneRyanLalor,Australian Labor Party,australian_labor_party,lalor,Lalor,House of Representatives,45,,,/api/parliamentarian/249224/image,female,Q16194303,Q216082,Q1073721
2a7adf62-5fc7-4d05-8e3f-71615d79c513,Joel Fitzgibbon,"Fitzgibbon, Joel",Joel.Fitzgibbon.MP@aph.gov.au,fitzhunter,JoelFitzgibbonMP,Australian Labor Party,australian_labor_party,hunter,Hunter,House of Representatives,45,,,/api/parliamentarian/8K6/image,male,Q3180236,Q216082,Q1074124
010ba615-63c1-466b-a425-5d127e12b8c3,John Alexander,"Alexander, John",john.alexander.mp@aph.gov.au,JohnAlexanderMP,100001834307725,Liberal Party,liberal_party,bennelong,Bennelong,House of Representatives,45,,2017-11-11,/api/parliamentarian/M3M/image,male,Q1281683,Q241149,Q817830
010ba615-63c1-466b-a425-5d127e12b8c3,John Alexander,"Alexander, John",john.alexander.mp@aph.gov.au,JohnAlexanderMP,100001834307725,Liberal Party,liberal_party,bennelong,Bennelong,House of Representatives,45,2017-12-16,,/api/parliamentarian/M3M/image,male,Q1281683,Q241149,Q817830
6655c896-b481-416e-af91-b725c37bab02,John McVeigh,"McVeigh, John",,JohnJMcVeigh,,Liberal Party,liberal_party,groom,Groom,House of Representatives,45,,,/api/parliamentarian/125865/image,male,Q6248320,Q241149,Q2973635
e40d84b3-6e2f-4056-9c7d-d5aacb5a82a3,Josh Frydenberg,"Frydenberg, Josh",,JoshFrydenberg,JoshFrydenbergMP,Liberal Party,liberal_party,kooyong,Kooyong,House of Representatives,45,,,/api/parliamentarian/FKL/image,male,Q6288876,Q241149,Q2973706
80461363-d23a-4226-9beb-f4afc3cab492,Josh Wilson,"Wilson, Josh",Josh.Wilson.MP@aph.gov.au,joshwilsonmp,josh4fremantle,Australian Labor Party,australian_labor_party,fremantle,Fremantle,House of Representatives,45,,,/api/parliamentarian/265970/image,male,Q27435061,Q216082,Q2973587
750cecf7-9ad7-438e-8304-5ca5f084ccab,Julia Banks,"Banks, Julia",,juliabanksmp,,Liberal Party,liberal_party,chisholm,Chisholm,House of Representatives,45,,,/api/parliamentarian/18661/image,female,Q25753048,Q241149,Q5284509
7eec2068-d327-4c61-8d45-9f6b4d457f3d,Julian Hill,"Hill, Julian",Julian.Hill.MP@aph.gov.au,JulianHillMP,JulianHillMP,Australian Labor Party,australian_labor_party,bruce,Bruce,House of Representatives,45,,,/api/parliamentarian/86256/image,male,Q27435059,Q216082,Q2973477
a68690e8-3c3a-40ff-8e88-21ee3e6dc086,Julian Leeser,"Leeser, Julian",,JulianLeeser,,Liberal Party,liberal_party,berowra,Berowra,House of Representatives,45,,,/api/parliamentarian/109556/image,male,Q24191457,Q241149,Q1074115
237da068-da81-4edb-b4cf-4745ddd5a808,Julie Bishop,"Bishop, Julie",Julie.Bishop.MP@aph.gov.au,JulieBishopMP,julie.bishop.mp,Liberal Party,liberal_party,curtin,Curtin,House of Representatives,45,,,/api/parliamentarian/83P/image,female,Q434858,Q241149,Q2973513
ff943a3d-dbe3-4a19-a7a6-4953c4db858d,Julie Collins,"Collins, Julie",julie.collins.mp@aph.gov.au,JulieCollinsMP,juliecollinsmp,Australian Labor Party,australian_labor_party,franklin,Franklin,House of Representatives,45,,,/api/parliamentarian/HWM/image,female,Q6308091,Q216082,Q2973578
3c803e0b-06a8-4163-b79b-7777b5ff8a87,Julie Owens,"Owens, Julie",Julie.Owens.MP@aph.gov.au,JulieOwensMP,julie.owens.mp,Australian Labor Party,australian_labor_party,parramatta,Parramatta,House of Representatives,45,,,/api/parliamentarian/E09/image,female,Q6308446,Q216082,Q2973800
cc534bd2-3d3f-40f8-87df-dcceb00c4dcf,Justine Elliot,"Elliot, Justine",Justine.Elliot.MP@aph.gov.au,JElliotMP,,Australian Labor Party,australian_labor_party,richmond,Richmond,House of Representatives,45,,,/api/parliamentarian/DZW/image,female,Q6318352,Q216082,Q1073994
a99791cf-2c4e-4678-b08c-9faff12fa412,Justine Keay,"Keay, Justine",,justinekeay,,Australian Labor Party,australian_labor_party,braddon,Braddon,House of Representatives,45,,,/api/parliamentarian/262273/image,female,Q25350560,Q216082,Q924832
d8f8229a-cbeb-4db0-a1e8-93980ab5d544,Karen Andrews,"Andrews, Karen",Karen.Andrews.MP@aph.gov.au,karenandrewsmp,Karen-Andrews-MP-150255771679533,Liberal Party,liberal_party,mcpherson,McPherson,House of Representatives,45,,,/api/parliamentarian/230886/image,female,Q6369482,Q241149,Q1074030
fb80ed6f-bd18-4812-8ef8-ad35abe4832e,Kate Ellis,"Ellis, Kate",Kate.Ellis.MP@aph.gov.au,KateEllisMP,Kate-Ellis-MP-248221178548054,Australian Labor Party,australian_labor_party,adelaide,Adelaide,House of Representatives,45,,,/api/parliamentarian/DZU/image,female,Q4354268,Q216082,Q2973361
3513ed1b-84a6-46fe-b9e4-b3cc6bffb088,Keith Pitt,"Pitt, Keith",Keith.Pitt.MP@aph.gov.au,keithjpitt,KeithPittMP,National Party,national_party,hinkler,Hinkler,House of Representatives,45,,,/api/parliamentarian/148150/image,male,Q16206609,Q946040,Q2973649
f3ae3ac8-c50e-435b-b3c0-d23714d59fa6,Kelly O'Dwyer,"O'Dwyer, Kelly",kelly.odwyer.mp@aph.gov.au,kellyodwyer,Kelly-ODwyer-171601117783,Liberal Party,liberal_party,higgins,Higgins,House of Representatives,45,,,/api/parliamentarian/LKU/image,female,Q6386229,Q241149,Q2973648
b1ed9687-8d72-4106-80d5-1e5f7ba4b241,Ken O'Dowd,"O'Dowd, Ken",ken.o'dowd.mp@aph.gov.au,KenODowdMP,,National Party,national_party,flynn,Flynn,House of Representatives,45,,,/api/parliamentarian/139441/image,male,Q6388253,Q946040,Q2973571
0c9c1be5-0637-479e-9876-58988f60ba32,Ken Wyatt,"Wyatt, Ken",ken.wyatt.mp@aph.gov.au,KenWyattMP,,Liberal Party,liberal_party,hasluck,Hasluck,House of Representatives,45,,,/api/parliamentarian/M3A/image,male,Q3195101,Q241149,Q2973646
173b018e-63fc-45c2-9f24-27267660e98f,Kevin Andrews,"Andrews, Kevin",menzies@aph.gov.au,kevinandrewsmp,kevinandrewsmp,Liberal Party,liberal_party,menzies,Menzies,House of Representatives,45,,,/api/parliamentarian/HK5/image,male,Q6395733,Q241149,Q178752
9ca04c73-60fc-44b3-a223-b97517727c1a,Kevin Hogan,"Hogan, Kevin",Kevin.Hogan.MP@aph.gov.au,KevinHoganMP,KevinHoganMP,National Party,national_party,page,Page,House of Representatives,45,,,/api/parliamentarian/218019/image,male,Q16195119,Q946040,Q2973798
3fc4fa2a-bf54-47e1-b1c2-50bec4f73451,Linda Burney,"Burney, Linda",Linda.Burney.MP@aph.gov.au,lindaburneymp,LindaBurneyMP,Australian Labor Party,australian_labor_party,barton,Barton,House of Representatives,45,,,/api/parliamentarian/8GH/image,female,Q6551428,Q216082,Q1074151
18385691-a597-4bc6-a46a-105223cf1cc0,Lisa Chesters,"Chesters, Lisa",Lisa.Chesters.MP@aph.gov.au,LMChesters,LisaChestersBendigo,Australian Labor Party,australian_labor_party,bendigo,Bendigo,House of Representatives,45,,,/api/parliamentarian/249710/image,female,Q16727986,Q216082,Q2973455
f92b8617-6c1e-4c53-a125-92c311821374,Llew O'Brien,"O'Brien, Llew",,LlewOBrienMP,,National Party,national_party,wide_bay,Wide Bay,House of Representatives,45,,,/api/parliamentarian/265991/image,male,Q25756234,Q946040,Q2973903
4e538c33-be46-4204-b3e0-25228c36813b,Lucy Wicks,"Wicks, Lucy",lucy.wicks.mp@aph.gov.au,LucyWicksMP,LucyWicksMP,Liberal Party,liberal_party,robertson,Robertson,House of Representatives,45,,,/api/parliamentarian/241590/image,female,Q16751614,Q241149,Q2973820
f92bcabd-e6b9-48d3-9524-299ed3cbd6e6,Luke Gosling,"Gosling, Luke",Luke.Gosling.MP@aph.gov.au,lukejgosling,luke.j.gosling,Australian Labor Party,australian_labor_party,solomon,Solomon,House of Representatives,45,,,/api/parliamentarian/245392/image,male,Q25288450,Q216082,Q2973852
8e5a9eba-fa55-4bfc-b899-74345d3abd20,Luke Hartsuyker,"Hartsuyker, Luke",Luke.Hartsuyker.MP@aph.gov.au,Luke_Hartsuyker,,National Party,national_party,cowper,Cowper,House of Representatives,45,,,/api/parliamentarian/00AMM/image,male,Q6702024,Q946040,Q1074235
d4420f17-5d02-4df6-bad7-e8d4d0ad6cfa,Luke Howarth,"Howarth, Luke",luke.howarth.mp@aph.gov.au,LukeHowarthMP,LukeHowarthMP,Liberal Party,liberal_party,petrie,Petrie,House of Representatives,45,,,/api/parliamentarian/247742/image,male,Q16729935,Q241149,Q2973809
9c83a5c0-4bd4-4a0f-b862-96aa4c9bfb3b,Madeleine King,"King, Madeleine",Madeleine.King.MP@aph.gov.au,MadeleineMHKing,madeleinekingmp,Australian Labor Party,australian_labor_party,brand,Brand,House of Representatives,45,,,/api/parliamentarian/102376/image,female,Q25756137,Q216082,Q897736
5a5ab335-91bf-46ae-8972-07684b2d7065,Malcolm Turnbull,"Turnbull, Malcolm",malcolm.turnbull.mp@aph.gov.au,TurnbullMalcolm,Malcolm-Turnbull-53772921578,Liberal Party,liberal_party,wentworth,Wentworth,House of Representatives,45,,,/api/parliamentarian/885/image,male,Q927550,Q241149,Q2973891
135eacbc-7eb4-4f0d-8118-afaa65e27a52,Maria Vamvakinou,"Vamvakinou, Maria",Maria.Vamvakinou.MP@aph.gov.au,MariaVamvakinou,Maria-Vamvakinou-Mp,Australian Labor Party,australian_labor_party,calwell,Calwell,House of Representatives,45,,,/api/parliamentarian/00AMT/image,female,Q6761645,Q216082,Q2973484
7914ed71-32b1-496d-b540-71f6f351a46c,Mark Butler,"Butler, Mark",Mark.Butler.MP@aph.gov.au,Mark_Butler_MP,,Australian Labor Party,australian_labor_party,port_adelaide,Port Adelaide,House of Representatives,45,,,/api/parliamentarian/HWK/image,male,Q6766947,Q216082,Q2423795
dac7d9e2-b22a-47bf-aff1-a924659ad0da,Mark Coulton,"Coulton, Mark",Mark.Coulton.MP@aph.gov.au,MarkCoultonMP,Mark-Coulton,National Party,national_party,parkes,Parkes,House of Representatives,45,,2016-08-30,/api/parliamentarian/HWN/image,male,Q6767168,Q946040,Q2973799
dac7d9e2-b22a-47bf-aff1-a924659ad0da,Mark Coulton,"Coulton, Mark",Mark.Coulton.MP@aph.gov.au,MarkCoultonMP,Mark-Coulton,CWM,cwm,parkes,Parkes,House of Representatives,45,2016-08-30,,/api/parliamentarian/HWN/image,male,Q6767168,,Q2973799
6e258077-ec34-4510-a9e5-dc88b2a1013f,Mark Dreyfus,"Dreyfus, Mark",mark.dreyfus.mp@aph.gov.au,markdreyfusQCMP,mark.dreyfus,Australian Labor Party,australian_labor_party,isaacs,Isaacs,House of Representatives,45,,,/api/parliamentarian/HWG/image,male,Q6767411,Q216082,Q2973418
e210090d-59ee-401b-941a-d8cac83e9add,Matt Keogh,"Keogh, Matt",Matt.Keogh.MP@aph.gov.au,mattkeogh, KeoghMatthew,Australian Labor Party,australian_labor_party,burt,Burt,House of Representatives,45,,,/api/parliamentarian/249147/image,male,Q25752522,Q216082,Q23019675
c661e56b-5774-4b2c-aaf6-2ea5084d798d,Matt Thistlethwaite,"Thistlethwaite, Matt",Matt.Thistlethwaite.MP@aph.gov.au,MThistlethwaite,ThistlethwaiteM,Australian Labor Party,australian_labor_party,kingsford_smith,Kingsford Smith,House of Representatives,45,,,/api/parliamentarian/182468/image,male,Q6789423,Q216082,Q2973695
3c893953-8a1a-4d7b-908b-e4c154cd3cf0,Melissa Price,"Price, Melissa",Melissa.Price.MP@aph.gov.au,Melissa4Durack,Melissa-Price-Durack-146533948886081,Liberal Party,liberal_party,durack,Durack,House of Representatives,45,,,/api/parliamentarian/249308/image,female,Q16195275,Q241149,Q2973561
61967b44-6121-4a22-b5e4-b3275c2297a3,Meryl Swanson,"Swanson, Meryl",Meryl.Swanson.MP@aph.gov.au,MerylSwanson,MerylSwanson,Australian Labor Party,australian_labor_party,paterson,Paterson,House of Representatives,45,,,/api/parliamentarian/264170/image,female,Q25350223,Q216082,Q577770
bc512027-6e84-45c3-81f9-01a39ef9db50,Michael Danby,"Danby, Michael",Michael.Danby.MP@aph.gov.au,MichaelDanbyMP,michael.danby.39,Australian Labor Party,australian_labor_party,melbourne_ports,Melbourne Ports,House of Representatives,45,,,/api/parliamentarian/WF6/image,male,Q6829697,Q216082,Q2973755
764ba518-ae56-49c1-9dea-fbe45772df5a,Michael Keenan,"Keenan, Michael",michael.keenan.mp@aph.gov.au,MichaelKeenanMP,MichaelKeeenanMP,Liberal Party,liberal_party,stirling,Stirling,House of Representatives,45,,,/api/parliamentarian/E0J/image,male,Q6831813,Q241149,Q2973853
e9ea34a2-8dc3-41a3-a383-dc81030d6ec1,Michael McCormack,"McCormack, Michael",michael.mccormack.mp@aph.gov.au,M_McCormackMP,MichaelMcCormackMP,National Party,national_party,riverina,Riverina,House of Representatives,45,,,/api/parliamentarian/219646/image,male,Q6832641,Q946040,Q2973933
e14863cc-0dcb-4279-afe3-b1e774f0ee61,Michael Sukkar,"Sukkar, Michael",michael.sukkar.mp@aph.gov.au,MichaelSukkarMP,Michael.Sukkar.MP,Liberal Party,liberal_party,deakin,Deakin,House of Representatives,45,,,/api/parliamentarian/242515/image,male,Q16221628,Q241149,Q1074059
525bfac6-cfa3-474d-8ff2-dfa622a66c1a,Michelle Landry,"Landry, Michelle",michelle.landry.mp@aph.gov.au,,MichelleLandryMP,National Party,national_party,capricornia,Capricornia,House of Representatives,45,,,/api/parliamentarian/249764/image,female,Q16194644,Q946040,Q2973486
d1c91473-659a-4602-a05b-4456bb43d12e,Michelle Rowland,"Rowland, Michelle",Michelle.Rowland.MP@aph.gov.au,MRowlandMP,mrowlandmp,Australian Labor Party,australian_labor_party,greenway,Greenway,House of Representatives,45,,,/api/parliamentarian/159771/image,female,Q6837228,Q216082,Q2973632
fca600ba-68c5-4473-9762-a35b8013e262,Mike Freelander,"Freelander, Mike",,,,Australian Labor Party,australian_labor_party,macarthur,Macarthur,House of Representatives,45,,,/api/parliamentarian/265979/image,male,Q25753357,Q216082,Q2973728
b23fde58-d7e0-45d8-b589-862afd158f23,Mike Kelly,"Kelly, Mike",,MikeKellyofEM,Mike-Kelly-MP-111295601527,Australian Labor Party,australian_labor_party,eden-monaro,Eden-Monaro,House of Representatives,45,,,/api/parliamentarian/HRI/image,male,Q3857414,Q216082,Q1073695
925f152b-e0fb-40b1-b87b-830a42204e1c,Milton Dick,"Dick, Milton",,MiltonDickMP,,Australian Labor Party,australian_labor_party,oxley,Oxley,House of Representatives,45,,,/api/parliamentarian/53517/image,male,Q20983429,Q216082,Q1074900
5888086d-1631-477a-a21f-0341caceb003,Nick Champion,"Champion, Nick",Nick.Champion.MP@aph.gov.au,NickChampionMP,Nick-Champion-MP-325495831575,Australian Labor Party,australian_labor_party,wakefield,Wakefield,House of Representatives,45,,,/api/parliamentarian/HW9/image,male,Q7026894,Q216082,Q1073964
0aae7d87-fe47-4188-8f9a-b1a543e1d7e3,Nicolle Flint,"Flint, Nicolle",Nicolle.Flint.MP@aph.gov.au,nicolleflint,NicolleFlintLiberal,Liberal Party,liberal_party,boothby,Boothby,House of Representatives,45,,,/api/parliamentarian/245550/image,female,Q25756083,Q241149,Q2973469
27dee83c-e417-4c4e-8821-cb11193c470c,Nola Marino,"Marino, Nola",Nola.Marino.MP@aph.gov.au,NolaMarinoMP,nola.marino.mp,Liberal Party,liberal_party,forrest,Forrest,House of Representatives,45,,,/api/parliamentarian/HWP/image,female,Q7048144,Q241149,Q2973574
c517108b-ba32-438a-8eb7-994aaf70d054,Pat Conroy,"Conroy, Pat",Pat.Conroy.MP@aph.gov.au,PatConroy1,PatConroyLaborforCharlton,Australian Labor Party,australian_labor_party,shortland,Shortland,House of Representatives,45,,,/api/parliamentarian/249127/image,male,Q16218414,Q216082,Q2973851
41b4c414-4206-4343-a05c-a93685da1fab,Paul Fletcher,"Fletcher, Paul",Paul.Fletcher.MP@aph.gov.au,PaulFletcherMP,paulfletchermp,Liberal Party,liberal_party,bradfield,Bradfield,House of Representatives,45,,,/api/parliamentarian/L6B/image,male,Q7150671,Q241149,Q1074189
9a1c33f3-0669-4394-bc78-647fa291a7b9,Peter Dutton,"Dutton, Peter",Peter.Dutton.MP@aph.gov.au,PeterDutton_MP,peterduttonmp,Liberal Party,liberal_party,dickson,Dickson,House of Representatives,45,,,/api/parliamentarian/00AKI/image,male,Q7173778,Q241149,Q2973551
32facb44-9370-46c0-951c-24f558da88f6,Peter Khalil,"Khalil, Peter",Peter.Khalil.MP@aph.gov.au,PeterKhalilMP,PeterKhalilMP,Australian Labor Party,australian_labor_party,wills,Wills,House of Representatives,45,,,/api/parliamentarian/101351/image,male,Q25756187,Q216082,Q2973906
693fc950-feb1-49e1-9cee-c680be99bcec,Rebekha Sharkie,"Sharkie, Rebekha",,makemayomatter,makemayomatter,Nick Xenophon Team,nick_xenophon_team,mayo,Mayo,House of Representatives,45,,,/api/parliamentarian/265980/image,female,Q25324881,Q19876280,Q1074088
3fd4942a-8efc-4277-b8ba-c4eccee2bff7,Richard Marles,"Marles, Richard",richard.marles.mp@aph.gov.au,RichardMarlesMP,richardmarlesmp,Australian Labor Party,australian_labor_party,corio,Corio,House of Representatives,45,,,/api/parliamentarian/HWQ/image,male,Q7327642,Q216082,Q2973504
df8e6f8a-e24c-4940-b185-eb63156c1f6d,Rick Wilson,"Wilson, Rick",Rick.Wilson.MP@aph.gov.au,,RickWilsonMP,Liberal Party,liberal_party,o'connor,O'Connor,House of Representatives,45,,,/api/parliamentarian/198084/image,male,Q16196773,Q241149,Q2973797
a80785a4-a4b0-4695-861c-203eb2eda269,Rob Mitchell,"Mitchell, Rob",rob.mitchell.mp@aph.gov.au,RobMitchellMP,Rob-Mitchell-MP-Federal-Labor-Member-for-McEwen-113830088678537,Australian Labor Party,australian_labor_party,mcewen,McEwen,House of Representatives,45,,,/api/parliamentarian/M3E/image,male,Q7340383,Q216082,Q1074167
8ca521f1-38c9-4327-bfe4-5eb308830abb,Ross Hart,"Hart, Ross",Ross.Hart.MP@aph.gov.au,RossHartMP,RossHartMP,Australian Labor Party,australian_labor_party,bass,Bass,House of Representatives,45,,,/api/parliamentarian/263070/image,male,Q25352606,Q216082,Q2887271
fefc7134-a79e-4dbd-8ad6-a4b0204ef82e,Ross Vasta,"Vasta, Ross",ross.vasta.mp@aph.gov.au,,Ross-Vasta-299861623376616,Liberal Party,liberal_party,bonner,Bonner,House of Representatives,45,,,/api/parliamentarian/E0D/image,male,Q7369690,Q241149,Q2973466
9f9728a4-fd46-428f-b675-c64efa318090,Rowan Ramsey,"Ramsey, Rowan",rowan.ramsey.mp@aph.gov.au,,,Liberal Party,liberal_party,grey,Grey,House of Representatives,45,,,/api/parliamentarian/HWS/image,male,Q7371808,Q241149,Q2973634
891bef5c-0f47-4ba3-bd5f-79f89a636e0e,Russell Broadbent,"Broadbent, Russell",Russell.Broadbent.MP@aph.gov.au,BroadbentMP,,Liberal Party,liberal_party,mcmillan,McMillan,House of Representatives,45,,,/api/parliamentarian/MT4/image,male,Q7381382,Q241149,Q1074082
7a03594a-f0e8-4041-8670-ac0ba21f2eef,Sarah Henderson,"Henderson, Sarah",sarah.henderson.mp@aph.gov.au,SHendersonMP,SarahHendersonMP,Liberal Party,liberal_party,corangamite,Corangamite,House of Representatives,45,,,/api/parliamentarian/ZN4/image,female,Q7422387,Q241149,Q2973505
8e8d4744-6ff2-4f8b-bb4e-f8500f7c5caa,Scott Buchholz,"Buchholz, Scott",scott.buchholz.mp@aph.gov.au,ScottBuchholzMP,ScottBuchholzMP,Liberal Party,liberal_party,wright,Wright,House of Representatives,45,,,/api/parliamentarian/230531/image,male,Q7436060,Q241149,Q2973915
a99beff7-e023-4d3c-908f-a0dfd5126b6a,Scott Morrison,"Morrison, Scott",scott.morrison.mp@aph.gov.au,ScottMorrisonMP,Scott-Morrison-101546263223119,Liberal Party,liberal_party,cook,Cook,House of Representatives,45,,,/api/parliamentarian/E3L/image,male,Q7436908,Q241149,Q368340
4fcca2e8-2974-49f8-9140-61105f22f8bc,Sharon Bird,"Bird, Sharon",Sharon.Bird.MP@aph.gov.au,SharonBirdMP,sharon.bird.mp,Australian Labor Party,australian_labor_party,cunningham,Cunningham,House of Representatives,45,,,/api/parliamentarian/DZP/image,female,Q7489994,Q216082,Q182615
e8033afd-930f-48b2-89a5-b686d32eeaea,Sharon Claydon,"Claydon, Sharon",sharon.claydon.mp@aph.gov.au,SharonClaydon,SharonClaydonforNewcastle,Australian Labor Party,australian_labor_party,newcastle,Newcastle,House of Representatives,45,,,/api/parliamentarian/248181/image,female,Q16195468,Q216082,Q966318
66c7646c-3009-4d7c-804e-0894874ab001,Shayne Neumann,"Neumann, Shayne",Shayne.Neumann.MP@aph.gov.au,ShayneNeumannMP,shayne.neumann,Australian Labor Party,australian_labor_party,blair,Blair,House of Representatives,45,,,/api/parliamentarian/HVO/image,male,Q7491712,Q216082,Q2973464
7fd2b632-3c10-4345-ae9d-f9126b7ad5e7,Stephen Jones,"Jones, Stephen",stephen.jones.mp@aph.gov.au,stephenjonesalp,Stephen-Jones-for-Throsby-324823886818,Australian Labor Party,australian_labor_party,whitlam,Whitlam,House of Representatives,45,,,/api/parliamentarian/A9B/image,male,Q7609616,Q216082,Q23055249
fdae5bac-aeb1-4f79-a780-6229929f1cd8,Steve Georganas,"Georganas, Steve",Steve.Georganas.MP@aph.gov.au,stevegeorganas,memberforhindmarsh,Australian Labor Party,australian_labor_party,hindmarsh,Hindmarsh,House of Representatives,45,,,/api/parliamentarian/DZY/image,male,Q7612638,Q216082,Q2973414
cf5d02d3-f62e-406f-a2b0-2514c9d509b0,Steve Irons,"Irons, Steve",steve.irons.mp@aph.gov.au,SteveIronsMP,Steve-Irons-MP-Federal-Member-for-Swan-162172533830403,Liberal Party,liberal_party,swan,Swan,House of Representatives,45,,,/api/parliamentarian/HYM/image,male,Q16192767,Q241149,Q2973857
2aeae774-1e8c-48a2-a736-35d0caf08594,Steven Ciobo,"Ciobo, Steven",steven.ciobo.mp@aph.gov.au,stevenciobo,StevenCioboMP,Liberal Party,liberal_party,moncrieff,Moncrieff,House of Representatives,45,,,/api/parliamentarian/00AN0/image,male,Q7614564,Q241149,Q2973778
ba41b978-2cd9-4887-bbb6-57f782948541,Stuart Robert,"Robert, Stuart",stuart.robert.mp@aph.gov.au,stuartrobertmp,,Liberal Party,liberal_party,fadden,Fadden,House of Representatives,45,,,/api/parliamentarian/HWT/image,male,Q7627022,Q241149,Q2973562
fc4d9186-5bf8-4696-ba91-7ec6c07a2e4f,Susan Lamb,"Lamb, Susan",,SusanLambMP,,Australian Labor Party,australian_labor_party,longman,Longman,House of Representatives,45,,,/api/parliamentarian/265975/image,female,Q25324887,Q216082,Q2973723
d9cd8faa-09d4-4676-89d5-098342a28947,Susan Templeman,"Templeman, Susan",,stemplemanmp,susan.templeman,Australian Labor Party,australian_labor_party,macquarie,Macquarie,House of Representatives,45,,,/api/parliamentarian/181810/image,female,Q25753992,Q216082,Q1074005
19bb42b5-6320-4873-96f7-541c49aa8283,Sussan Ley,"Ley, Sussan",Farrer@aph.gov.au,sussanley,Sussan-Ley-MP-198830586850988,Liberal Party,liberal_party,farrer,Farrer,House of Representatives,45,,,/api/parliamentarian/00AMN/image,female,Q7649377,Q241149,Q1073683
0616de82-e619-4c65-9e57-239c3cae05a0,Tanya Plibersek,"Plibersek, Tanya",tanya.plibersek.mp@aph.gov.au,tanya_plibersek,,Australian Labor Party,australian_labor_party,sydney,Sydney,House of Representatives,45,,,/api/parliamentarian/83M/image,female,Q7684036,Q216082,Q1075639
c4552072-a5c5-4e22-a13c-2ffe4c9bb6a9,Ted O'Brien,"O'Brien, Ted",,Ted4Fairfax,,Liberal Party,liberal_party,fairfax,Fairfax,House of Representatives,45,,,/api/parliamentarian/138932/image,male,Q27435056,Q241149,Q2973565
ae267824-e45f-4481-ae95-5e3353f79a66,Terri Butler,"Butler, Terri",Terri.Butler.MP@aph.gov.au,terrimbutler,butler4griffith,Australian Labor Party,australian_labor_party,griffith,Griffith,House of Representatives,45,,,/api/parliamentarian/248006/image,female,Q16216498,Q216082,Q1074129
3dc41d23-e055-4bd3-b7c9-8e7a0f21fb47,Tim Hammond,"Hammond, Tim",Tim.Hammond.MP@aph.gov.au,TimHammond1,timhammondau,Australian Labor Party,australian_labor_party,perth,Perth,House of Representatives,45,,,/api/parliamentarian/80109/image,male,Q25856253,Q216082,Q2973806
24b7573d-9e6c-4775-8f23-15b31a2351c2,Tim Watts,"Watts, Tim",tim.watts.mp@aph.gov.au,TimWattsMP,TimWattsGellibrand,Australian Labor Party,australian_labor_party,gellibrand,Gellibrand,House of Representatives,45,,,/api/parliamentarian/193430/image,male,Q16222127,Q216082,Q2973604
8577943b-cc2e-4a9b-bfb7-98d31c13a06d,Tim Wilson,"Wilson, Tim",Tim.Wilson.MP@aph.gov.au,timwilsonmp,TimWilsonMP,Liberal Party,liberal_party,goldstein,Goldstein,House of Representatives,45,,,/api/parliamentarian/IMW/image,male,Q16205919,Q241149,Q2973625
93e2e4cc-f5ce-4bea-be68-2fc86c38a9bc,Tony Abbott,"Abbott, Tony",tony.abbott.mp@aph.gov.au,TonyAbbottMHR,TonyAbbottMP,Liberal Party,liberal_party,warringah,Warringah,House of Representatives,45,,,/api/parliamentarian/EZ5/image,male,Q348577,Q241149,Q1074025
a1d66b71-f8dd-490e-a31d-e1a4bdcc66d6,Tony Burke,"Burke, Tony",Tony.Burke.MP@aph.gov.au,tony_burke,tony.burke.mp,Australian Labor Party,australian_labor_party,watson,Watson,House of Representatives,45,,,/api/parliamentarian/DYW/image,male,Q1449483,Q216082,Q2973888
9bca797f-574f-4397-b693-65ce8213da0f,Tony Pasin,"Pasin, Tony",tony.pasin.mp@aph.gov.au,TonyPasin,Tony-Pasin-Liberal-Candidate-for-Barker-250684105072363,Liberal Party,liberal_party,barker,Barker,House of Representatives,45,,,/api/parliamentarian/240756/image,male,Q16216713,Q241149,Q2973436
eee6e93f-7522-409b-8def-130ae7d972ad,Tony Smith,"Smith, Tony",Tony.Smith.MP@aph.gov.au,TonySmithMP,tonysmithmp,SPK,spk,casey,Casey,House of Representatives,45,,,/api/parliamentarian/00APG/image,male,Q16197257,Q1758037,Q2973490
ca2b8524-92bf-4d7b-ac8c-b65874b62191,Tony Zappia,"Zappia, Tony",Tony.Zappia.MP@aph.gov.au,,,Australian Labor Party,australian_labor_party,makin,Makin,House of Representatives,45,,,/api/parliamentarian/HWB/image,male,Q7823721,Q216082,Q2973735
2a5d1d08-2ddf-4185-b4dc-6a43f7cbacbf,Trent Zimmerman,"Zimmerman, Trent",Trent.Zimmerman.MP@aph.gov.au,,TrentZimmerman,Liberal Party,liberal_party,north_sydney,North Sydney,House of Representatives,45,,,/api/parliamentarian/203092/image,male,Q21680762,Q241149,Q2973863
c50c398d-934b-433a-96d8-537d8958d0c3,Trevor Evans,"Evans, Trevor",Trevor.Evans.MP@aph.gov.au,,trevorevansbne,Liberal Party,liberal_party,brisbane,Brisbane,House of Representatives,45,,,/api/parliamentarian/61378/image,male,Q27435052,Q241149,Q917665
8cb15deb-5f8e-48d7-aa39-833b10df0109,Warren Entsch,"Entsch, Warren",warren.entsch.mp@aph.gov.au,,,Liberal Party,liberal_party,leichhardt,Leichhardt,House of Representatives,45,,,/api/parliamentarian/7K6/image,male,Q7970178,Q241149,Q550273
e7a0b6bc-6eb4-4ca4-8f7d-49b8662b22f3,Warren Snowdon,"Snowdon, Warren",Warren.Snowdon.MP@aph.gov.au,manwiththemo,snowdonmp,Australian Labor Party,australian_labor_party,lingiari,Lingiari,House of Representatives,45,,,/api/parliamentarian/IJ4/image,male,Q7970485,Q216082,Q2973722
36bf7714-2320-4cfd-a8df-8d7080ae9c64,Wayne Swan,"Swan, Wayne",wayne.swan.mp@aph.gov.au,SwannyQLD,Wayne.Swan.MP,Australian Labor Party,australian_labor_party,lilley,Lilley,House of Representatives,45,,,/api/parliamentarian/2V5/image,male,Q1236571,Q216082,Q2973718
