id,name__de,name__en,name__sv,name__es,name__fr,name__nl,name__hu,name,wikipedia__de,wikipedia__en,wikipedia__sv,gender,birth_date,given_name,original_wikiname,name__zh_hans,name__zh_hant,name__zh_hk,name__id,name__pl,name__el,name__he,name__ru,name__ms,name__fi,name__zh,name__cy,name__zh_cn,wikipedia__el,wikipedia__fi,wikipedia__fr,wikipedia__he,wikipedia__id,wikipedia__ms,wikipedia__pl,wikipedia__ru,wikipedia__zh,identifier__VIAF,identifier__LCAuth,death_date,identifier__freebase,identifier__Britannica,name__eu,name__tr,name__yo,name__uk,name__et,name__nb,name__ja,wikipedia__es,wikipedia__et,wikipedia__eu,wikipedia__ja,wikipedia__no,wikipedia__tr,wikipedia__uk,wikipedia__yo,image,identifier__NLAtrove,identifier__FAST,identifier__SUDOC,name__zh_sg,name__zh_tw,name__ko,name__gl,name__pt,name__bi,name__sr_el,name__sr_ec,name__war,name__tpi,name__da,name__bn,name__sr,name__nn,wikipedia__bi,wikipedia__bn,wikipedia__da,wikipedia__gl,wikipedia__ko,wikipedia__nl,wikipedia__pt,wikipedia__sr,wikipedia__tpi,wikipedia__war,name__ca,name__oc,identifier__ISNI,identifier__GND,identifier__NTA,identifier__BNF,identifier__catholic_hierarchy,name__it,name__sh,wikipedia__sh,family_name,identifier__Munzinger,name__cs,name__vi,wikipedia__cs,wikipedia__vi,name__bg,wikipedia__bg,name__ro,wikipedia__ro,name__en_ca,name__en_gb,wikipedia__commons,identifier__AuDB,name__ar,wikipedia__ar,name__th,name__is,name__fa,wikipedia__fa,wikipedia__is,wikipedia__it,wikipedia__simple,wikipedia__th,occupation,wikipedia__hi,name__hi,name__qu,wikipedia__qu,name__la,wikipedia__la,identifier__snac,wikipedia__srwikinews,name__hy,wikipedia__hy,wikipedia__zh_min_nan,name__nan,identifier__NDL,wikipedia__tl,name__tl,name__sl,name__ta,wikipedia__ta,wikipedia__io,identifier__GTAA,wikipedia__uz,name__pt_br
Q1070420,Cherubim Dambui,Cherubim Dambui,,Cherubim Dambui,Cherubim Dambui,Cherubim Dambui,,Cherubim Dambui,Cherubim Dambui,Cherubim Dambui,,male,1948-02-23,,Cherubim Dambui,,,,,Cherubim Dambui,,,,,,,Cherubim Dambui,,,,,,,,Cherubim Dambui,,,,,2010-06-24,,,,,,,,,,,,,,,,,,,,,,,,,,,,,,,,,,,,,,,,,,,,,,,,,,,,dambui,,,,,,,,,,,,,,,,,,,,,,,,,,,,theologian,,,,,,,,,,,,,,,,,,,,,,
Q1189612,Dennis Young,Dennis Young,Dennis Young,Dennis Young,Dennis Young,Dennis Young,Dennis Young,Dennis Young,Dennis Young,Dennis Young (Papua New Guinean politician),Dennis Young,male,1938,Dennis,Dennis Young,,,,,,,,,,,鄧尼斯·揚,,,,,,,,,,,,,,,/m/09plny,,,,,,,,,,,,,,,,,,,,,,,,,,,,,,,,,,,,,,,,,,,,,,,,,,,,,,,Young,,,,,,,,,,,,,,,,,,,,,,,,politician,,,,,,,,,,,,,,,,,,,,,,
Q1239419,Don Polye,Don Polye,Don Polye,Don Polye,Don Polye,Don Polye,Don Polye,Don Polye,Don Polye,Don Polye,,male,1967-02-01,Don,Don Polye,,,,,Don Polye,,,,,,唐·波利耶,,,,,Don Polye,,,,Don Polye,,,,,,/m/02rvdpr,,,,,,,Don Polye,,,,,,,,,,https://upload.wikimedia.org/wikipedia/commons/4/40/Don_Polye.jpg,,,,,,,,,,,,,,Don Polye,,,Don Polye,,,,,,,,,,,,,,,,,,,,,,,,,,,,,,,Don Polye,Don Polye,,,,,,,,,,,,,politician,,,,,,,,,,,,,,,,,,,,,,
Q1312080,John Momis,John Momis,John Momis,John Momis,John Momis,John Momis,,John Momis,John Momis,John Momis,John Momis,male,1942,John,John Momis,,,,,,,,,,,,,,,,John Momis,,,,,,,,,,/m/0cc5j0f,,,,,,,,ジョン・モミス,,,,,,,,,,,,,,,,,,,,,,,,,,,,,,,,,,,,,,,,,,,,,,,,,,,,,,,,,,,,,,,,,,,,,,,diplomat,,,,,,,,,,,,,,,,,,,,,,
Q1381425,Mekere Morauta,Mekere Morauta,Mekere Morauta,Mekere Morauta,Mekere Morauta,Mekere Morauta,Mekere Morauta,Mekere Morauta,Mekere Morauta,Mekere Morauta,Mekere Morauta,male,1946-06-12,,Mekere Morauta,梅克雷·莫劳塔,梅克雷·莫勞塔,梅克雷·莫勞塔,,,Μεκέρε Μοράουτα,,"Мораута, Мекере",,Mekere Morauta,梅克雷·莫劳塔,,,Μεκέρε Μοράουτα,Mekere Morauta,Mekere Morauta,,,,,"Мораута, Мекере",梅克雷·莫劳塔,,,,/m/068np3,biography/Mekere-Morauta,,,,,,,メケレ・モラウタ,,,,,,,,,,,,,,,,,,,,,,,,,,,,,,,,,,,,,,,,,,,,,,,,,,,,,,,,,,,,,,,,,,,,,,,politician,,,,,,,,,,,,,,,,,,,,,,
Q1385996,Ezekiel Massat,Ezekiel Massat,,Ezekiel Massat,Ezekiel Massat,Ezekiel Massat,Ezekiel Massat,Ezekiel Massat,Ezekiel Massat,Ezekiel Massat,,male,"",Ezekiel,Ezekiel Massat,,,,,,,,,,,,,,,,,,,,,,,,,,/m/05c1y8z,,,,,,,,,,,,,,,,,,,,,,,,,,,,,,,,,,,,,,,,,,,,,,,,,,,,,,,,,,,,,,,,,,,,,,,,,,,,,,,politician,,,,,,,,,,,,,,,,,,,,,,
Q1409221,Serei Eri,Vincent Eri,Serei Eri,Vincent Eri,Serei Eri,Serei Eri,,Vincent Eri,Serei Eri,Vincent Eri,Serei Eri,male,1936-09-12,Vincent,Vincent Eri,,,,,Serei Eri,,,,,,塞雷·艾里,,,,,Vincent Eri,,,,Serei Eri,,,69982496,n84803740,1993-05-25,/m/06mfm6,biography/Vincent-Eri,,,,,,,サー・セレイ・エリ,Vincent Eri,,,,,,,,,,,,,,,,,,,,,,,,,,,,,,,,,,,,,,0000 0000 8258 7159,128490810,,,,,,,,,,,,,,,Vincent Eri,Vincent Eri,,,,,,,,,,,,,,,writer,सर्जेई एरी,सर्जेई एरी,,,,,,,,,,,,,,,,,,,,
Q15993624,Peter Waieng,Peter Waieng,,,Peter Waieng,Peter Waieng,,Peter Waieng,,Peter Waieng,,male,1966-04-04,Peter,Peter Waieng,,,,,,,,,,,,Peter Waieng,,,,,,,,,,,,,2013-08-22,,,,,,,,,,,,,,,,,,,,,,,,,,,,,,,,,,,,,,,,,,,,,,,,,,,,,,,,,,,,,,,,,,,,,,,,,,,,,,,,politician,,,,,,,,,,,,,,,,,,,,,,
Q16225191,Kila Haoda,Kila Haoda,,,,Kila Haoda,,Kila Haoda,,Kila Haoda,,male,,,Kila Haoda,,,,,,,,,,,,,,,,,,,,,,,,,,,,,,,,,,,,,,,,,,,,,,,,,,,,,,,,,,,,,,,,,,,,,,,,,,,,,,,,,,,,,,,,,,,,,,,,,,,,,,,,,politician,,,,,,,,,,,,,,,,,,,,,,
Q1631900,Allan Marat,Allan Marat,Allan Marat,,Allan Marat,Allan Marat,,Allan Marat,Allan Marat,Allan Marat,,male,"",Allan,Allan Marat,,,,,,,,,,,,,,,,,,,,,,,,,,/m/065_zyn,,,,,,,Allan Marat,,,,,,,,,,,,,,,,,,,,,,,,Allan Marat,,,Allan Marat,,,,,,,,,,,,,,,,,,,,,Marat,,,,,,,,,,,,,,,,,,,,,,,,politician,,,,,,,,,,,,,,,,,,,,,,
Q1657357,Ignatius Kilage,Ignatius Kilage,Ignatius Kilage,Ignatius Kilage,Ignatius Kilage,Ignatius Kilage,Ignatius Kilage,Ignatius Kilage,Ignatius Kilage,Ignatius Kilage,Ignatius Kilage,male,1941,Ignatius,Ignatius Kilage,,,,,Ignatius Kilage,,,"Килаге, Игнейшес",,,伊格內修斯·基拉奇,,,,,Ignatius Kilage,,,,Ignatius Kilage,"Килаге, Игнатиус",,202350082,no2016138095,1989-12-31,/m/09pm0p,,,,,,,,サー・イグナティウス・キラゲ,Ignatius Kilage,,,,,,,,,,,154056081,,,,,,,,,,,,,,,,,,,,,,,,,,,0000 0001 4059 8930,1113890282,,,,,,,,,,,,,,,,,,,,,,,,,,,,,,,politician,इग्नेशियस किलाजे,इग्नेशियस किलाजे,,,,,,,,,,,,,,,,,,,,
Q16728478,Delilah Gore,Delilah Gore,,,,,,Delilah Gore,,Delilah Gore,,female,,,Delilah Gore,,,,,,,,,,,,,,,,,,,,,,,,,,,,,,,,,,,,,,,,,,,,,,,,,,,,,,,,,,,,,,,,,,,,,,,,,,,,,,Delilah Gore,,,Gore,,,,,,,,,,,,,,,,,,,,,,,,politician,,,,,,,,,,,,,,,,,,,,,,
Q16731159,James Lagea,James Lagea,,,James Lagea,,,James Lagea,,James Lagea,,male,,James,James Lagea,,,,,,,,,,,,,,,,,,,,,,,,,,,,,,,,,,,,,,,,,,,,,,,,,,,,,,,,,,,,,,,,,,,,,,,,,,,,,,,,,,,,,,,,,,,,,,,,,,,,,,,,,politician,,,,,,,,,,,,,,,,,,,,,,
Q16732077,Francis Marus,Francis Marus,,,,,,Francis Marus,,Francis Marus,,male,,Francis,Francis Marus,,,,,,,,,,,,,,,,,,,,,,,,,,,,,,,,,,,,,,,,,,,,,,,,,,,,,,,,,,,,,,,,,,,,,,,,,,,,,,Francis Marus,,,Marus,,,,,,,,,,,,,,,,,,,,,,,,politician,,,,,,,,,,,,,,,,,,,,,,
Q1686476,Jeffrey Nape,Jeffrey Nape,Jeffery Nape,Jeffrey Nape,Jeffrey Nape,Jeffrey Nape,Jeffrey Nape,Jeffrey Nape,Jeffrey Nape,Jeffrey Nape,Jeffrey Nape,male,1964,Jeffrey,Jeffrey Nape,,,,,Jeffrey Nape,Τζέφρι Νέιπ,,,,,傑弗里·納普,,,Τζέφρι Νέιπ,,Jeffrey Nape,,,,Jeffrey Nape,,,,,2016-07-08,/m/032y2h,,,,,,,,ジェフェリー・ネイプ,Jeffrey Nape,,,,,,,,,,,,,,,,,,,,,,,,,,,,,,,,,,,,,,,,,,,,,,,,,,,,,,,,,,,,,,,,,,,,,,politician,,,,,,,,,,,,,,,,,,,,,,
Q16932382,Nahau Rooney,Nahau Rooney,,,,,,Nahau Rooney,,Nahau Rooney,,female,,,Nahau Rooney,,,,,,,,,,,,,,,,,,,,,,,,,,,,,,,,,,,,,,,,,,,,,,,,,,,,,,,,,,,,,,,,,,,,,,,,,,,,,,,,,,,,,,,,,,,,,,,,,,,,,,,,,politician,,,,,,,,,,,,,,,,,,,,,,
Q1707366,Joseph Kabui,Joseph Kabui,Joseph Kabui,Joseph Kabui,Joseph Kabui,Joseph Kabui,Joseph Kabui,Joseph Kabui,Joseph Kabui,Joseph Kabui,Joseph Kabui,male,1954,Joseph,Τζόζεφ Καμπούι,,,,,Joseph Kabui,Τζόζεφ Καμπούι,,,,,,Joseph Kabui,,Τζόζεφ Καμπούι,,Joseph Kabui,,,,Joseph Kabui,,,,,2008-06-07,/m/06f3gt,,,,,,,Joseph Kabui,ジョセフ・カブイ,,,,,Joseph Kabui,,,,,,,,,,,,,,,,,,,,,,,,,,,,,,,,,,,,,,,,,,,,,,,,,,,,,,,,,,,,,,,,,,politician,,,,,,,,,,,,,,,,,,,,,,
Q17318623,Leo Dion,Leo Dion,,,,,,Leo Dion,,Leo Dion,,male,,Leo,Leo Dion,,利奧·戴恩,,,,,,,,,,,利奥·戴恩,,,,,,,,,,,,,,,,,,,,,,,,,,,,,,,,,,,,,,,,,,,,,,,,,,,,,,,,,,,,,,,,,Leo Dion,,,Dion,,,,,,,,,,,,,,,,,,,,,,,,,,,,,,,,,,,,,,,,,,,,,,
Q17318751,Mao Zeming,Mao Zeming,,,,,,Mao Zeming,,Mao Zeming,,male,,,Mao Zeming,,,,,,,,,,,,,,,,,,,,,,,,,,,,,,,,,,,,,,,,,,,,,,,,,,,,,,,,,,,,,,,,,,,,,,,,,,,,,,Mao Zeming,,,,,,,,,,,,,,,,,,,,,,,,,,,politician,,,,,,,,,,,,,,,,,,,,,,
Q17318820,Rimbink Pato,Rimbink Pato,,,Rimbink Pato,,,Rimbink Pato,,Rimbink Pato,,male,1961-05-04,,Rimbink Pato,,,,,,,,,,,,,,,,Rimbink Pato,,,,,,,,,,,,,,,,,,リンビンク・パト,,,,,,,,,https://upload.wikimedia.org/wikipedia/commons/c/c4/Rimbink_Pato_2014.jpg,,,,,,,,,,,,,,,,,,,,,,,,,,,,,,,,,,,,,,,,,,,,,,,,,,Category:Rimbink Pato,,ريمبينك باتو,,,,,,,,,,politician,,,,,Rimbink Pato,Rimbink Pato,,,,,,,,,,,,,,,,
Q17318841,John Pundari,John Pundari,,,John Pundari,,,John Pundari,,John Pundari,,male,1967,John,John Pundari,,,,,,,,,,,,,,,,John Pundari,,,,,,,,,,,,,,,,,,,,,,,,,,,,,,,,,,,,,,,,,,,,,,,,,,,,,,,,,,,,,,,,,,,,,,,,,,,,,,,,,,,,,,,,,politician,,,,,,,,,,,,,,,,,,,,,,
Q17319004,Loujaya Toni,Loujaya Toni,,,,Loujaya Toni,,Loujaya Toni,,Loujaya Kouza,,female,,,Loujaya Kouza,,,,,,,לוג'איה טוני,,,,,,,,,,,,,,,,,,,,,,,,,,,,,,,,,,,,,,,,,,,,,,,,,,,,,,,,,,,,,,,,,,,,,,,,,,,,,,,,,,,,,,,,,,,,,,,,,,singer,,,,,,,,,,,,,,,,,,,,,,
Q19630347,,,,,Douglas Tomuriesa,Douglas Tomuriesa,,Douglas Tomuriesa,,,,male,,Douglas,Douglas Tomuriesa,,,,,,,,,,,,,,,,Douglas Tomuriesa,,,,,,,,,,,,,,,,,,,,,,,,,,,,,,,,,,,,,,,,,,,,,,,,,,,,,,,,,,,,,,Douglas Tomuriesa,,,,,,,,,,,,,,,,,,,,,,,,,,,politician,,,,,,,,,,,,,,,,,,,,,,
Q2003366,Rabbie Namaliu,Rabbie Namaliu,Rabbie Namaliu,Rabbie Namaliu,Rabbie Namaliu,Rabbie Namaliu,Rabbie Namaliu,Rabbie Namaliu,Rabbie Namaliu,Rabbie Namaliu,Rabbie Namaliu,male,1947-04-03,,Rabbie Namaliu,,,,,Rabbie Namaliu,Ραμπί Ναμάλιου,,"Намалиу, Рабби",,Rabbie Namaliu,,,,Ραμπί Ναμάλιου,Rabbie Namaliu,Rabbie Namaliu,,,,Rabbie Namaliu,"Намалиу, Рабби",,6845474,n2007055409,,/m/022tnq,biography/Rabbie-Namaliu,,,,,,Rabbie Namaliu,ラビー・ナマリウ,Rabbie Namaliu,,,,,,,,,,,,,,,,,,,,,,Rabbie Namaliu,,,Rabbie Namaliu,,,,,,,,,,,,,0000 0000 5048 9757,171514319,,,,,,,,,,,,,,,,,,,,,,,,,,,,,,,politician,,,,,,,,,,,,,,,,,,,,,,
Q2007264,Paias Wingti,Paias Wingti,Paias Wingti,Paias Wingti,Paias Wingti,Paias Wingti,Paias Wingti,Paias Wingti,Paias Wingti,Paias Wingti,Paias Wingti,male,1951-02-02,,Paias Wingti,,,,,Paias Wingti,Πάιας Γουίνγκτι,,"Уингти, Паяс",,Paias Wingti,,,,Πάιας Γουίνγκτι,Paias Wingti,Paias Wingti,,,,Paias Wingti,"Уингти, Паяс",,121290556,nr95006775,,/m/03838l,biography/Paias-Wingti,,,,,,Paias Wingti,パイアス・ウィングティ,,,,,,,,,,,352138,,,,,,,,,,,,Paias Wingti,,,Paias Wingti,,,,,,,,,,,,,0000 0003 8346 0741,,,,,,,,,,,,,,,,,,,,,,,,,,,,,,,,politician,,,,,,,,,,,,,,,,,,,,,,
Q20763573,,Matthias Toliman,,,Matthias Toliman,Matthias Toliman,,Matthias Toliman,,,,male,1925-08-25,Matthias,Matthias Toliman,,,,,,,,,,,,,,,,Matthias Toliman,,,,,,,,,1973-09-06,,,,,,,,,,,,,,,,,,,1465881,,,,,,,,,,,,,,,,,,,,,,,,,,,,,,,,,,,,,,,,,,,,,,,,,,toliman-matthias-tutanava-11869,,,,,,,,,,,politician,,,,,,,,,,,,,,,,,,,,,,
Q2117670,Puka Temu,Puka Temu,Puka Temu,Puka Temu,Puka Temu,Puka Temu,Puka Temu,Puka Temu,Puka Temu,Puka Temu,,male,"",,Puka Temu,,,,,Puka Temu,,,,,,,,,,,,,,,Puka Temu,,,,,,,,,,,,,Puka Temu,,,,,,,,,,,,,,,,,,,,,,,,Puka Temu,,,Puka Temu,,,,,,,,,,,,,,,,,,,,,,,,,,,,,,,,,,,,,,,,,,,,,politician,,,,,,,,,,,,,,,,,,,,,,
Q22953338,,Steven Pirika Kama,,,,Steven Pirika Kama,,Steven Pirika Kama,,Steven Pirika Kama,,male,1962,Steven,Steven Pirika Kama,,,,,,,,,,,,,,,,,,,,,,,,,2016-02-20,,,,,,,,,,,,,,,,,,,,,,,,,,Steven Pirika Kama,,,,,,,,,,,,,,,,Steven Pirika Kama,,,,,,,,,,,,,,,,,,,,,,,,,,,,,,,,,,,,,,,,,,,,,,,,,,,,,,,,,,,,
Q2379592,Carol Kidu,Carol Kidu,,,Carol Kidu,Carol Kidu,,Carol Kidu,,Carol Kidu,,female,1948-10-10,Carol,Carol Kidu,,,,,,,קרול קידו,,,,,,,,,Carol Kidu,,,,,,,31507283,nb2003021767,,,,,,,,,,,,,,,,,,,,1018193,490122,,,,,,,,,,,,,,,,,,,,,,,,,,,,0000 0000 4340 2350,,,,,,,,,,,,,,,,,,,,,,,,,,,,,,,,politician,,,,,,,,,,,,,,,,,,,,,,
Q23883417,,Anton Yagama,,,,Anton Yagama,,Anton Yagama,,Anton Yagama,,male,1954-12-31,Anton,Anton Yagama,,,,,,,,,,,,,,,,,,,,,,,,,,,,,,,,,,,,,,,,,,,,,,,,,,,,,,,,,,,,,,,,,,,,,,,,,,,,,,,,,,,,,,,,,,,,,,,,,,,,,,,,,farmer,,,,,,,,,,,,,,,,,,,,,,
Q24053597,,William Tongamp,,,,William Tongamp,,William Tongamp,,William Tongamp,,male,,William,William Tongamp,,,,,,,,,,,,,,,,,,,,,,,,,,,,,,,,,,,,,,,,,,,,,,,,,,,,,,,,,,,,,,,,,,,,,,,,,,,,,,,,,,,,,,,,,,,,,,,,,,,,,,,,,,,,,,,,,,,,,,,,,,,,,,,
Q2443854,Tore Lokoloko,Tore Lokoloko,Tore Lokoloko,Tore Lokoloko,Tore Lokoloko,Tore Lokoloko,Tore Lokoloko,Tore Lokoloko,Tore Lokoloko,Tore Lokoloko,Tore Lokoloko,male,1930-09-21,Tore,Tore Lokoloko,,托爾·洛科洛科,,,,,,"Локолоко, Торе",,,,Tore Lokoloko,托尔·洛科洛科,,,Tore Lokoloko,,,,,"Локолоко, Торе",,94004931,,2013-03-13,/m/09pl_9,,,,,,,,サー・トレ・ロコロコ,,,,,,,,,,,,,,,,,,,,,,,,,,,,,,,,,,,,,,,,,,,,,,,,,,,,,,,,,,,,,,,,,,,,,,,politician,तोरे लोकोलोको,तोरे लोकोलोको,,,,,,,,,,,,,,,,,,,,
Q25553147,,Sasindran Muthuvel,,,,,,Sasindran Muthuvel,,Sasindran Muthuvel,,,,,Sasindran Muthuvel,,,,,,,,,,,,,,,,,,,,,,,,,,,,,,,,,,,,,,,,,,,,,,,,,,,,,,,,,,,,,,,,,,,,,,,,,,,,,,,,,,,,,,,,,,,,,,,,,,,,,,,,,politician,,,,,,,,,,,,,,,,,சசீந்திரன் முத்துவேல்,சசீந்திரன் முத்துவேல்,,,,
Q2638455,Albert Maori Kiki,Albert Maori Kiki,,Albert Maori Kiki,Albert Maori Kiki,Albert Maori Kiki,Albert Maori Kiki,Albert Maori Kiki,Albert Maori Kiki,Albert Maori Kiki,,male,1931-09-21,Albert,Albert Maori Kiki,,,,,Albert Maori Kiki,,,,,,,,,,,,,,,Albert Maori Kiki,,,20472301,n50046142,1993-03-13,,,,,,,,,,,,,,,,,,,891055,15855,081512317,,,,,,,,,,,,,,,,,,,,,,,,,,,0000 0000 8205 0554,118562061,070618135,,,,,,,,,,,,,,,,,,,,,,,,,,,,,,politician,,,,,,,w66q9cpv,,,,,,,,,,,,,,,
Q27975449,,Charles Abel,,Charles Abel,,Charles Abel,,Charles Abel,,Charles Abel,,male,"",Charles,Charles Abel,,,,,,,,,,,,,,,,,,,,,,,,,,,,,,,,,,,,,,,,,,,,,,,,,,Charles Abel,,,,,,,,,,,,,,,,,,,,,Charles Abel,,,,,,,,,,,,,,,,,,,,,,,,,,,,,,,,,,politician,,,,,,,,,,,,,,,,,,,,,,
Q28037442,,Ezekiel Anisi,,,Ezekiel Anisi,,,Ezekiel Anisi,,Ezekiel Anisi,,male,1988-09-01,Ezekiel,Ezekiel Anisi,,,,,,,,,,,,,,,,Ezekiel Anisi,,,,,,,,,2017-05-24,,,,,,Езекіель Анісі,,,,,,,,,,Езекіель Анісі,,,,,,,,,,,,,,,,,,,,,,,,,,,,,,,,,,,,,,,,,,,,,,,,,,,,,,,,,,,,,,Ezekiel Anisi,,politician,,,,,,,,,,,,,,,,,,,,,,
Q28062349,,Anderson Agiru,,,,Anderson Agiru,,Anderson Agiru,,Anderson Agiru,,male,1962,,Anderson Agiru,,,,,,,,,,,,,,,,,,,,,,,,,2016-04-28,,,,,,,,,,,,,,,,,,,,,,,,,,,,,,,,,,,,,,,,,,,,,,,,,,,,,,,,,,,,,,,,,,,,,,,,,,,,,,,,,,,,,,,,,,,,,,,,,,,,,,
Q28086377,,Paru Aihi,,,,Paru Aihi,,Paru Aihi,,Paru Aihi,,,,,Paru Aihi,,,,,,,,,,,,,,,,,,,,,,,,,,,,,,,,,,,,,,,,,,,,,,,,,,,,,,,,,,,,,,,,,,,,,,,,,,,,,,,,,,,,,,,,,,,,,,,,,,,,,,,,,politician,,,,,,,,,,,,,,,,,,,,,,
Q28647870,,Bob Dadae,,Bob Dadae,Bob Dadae,Bob Dadae,,Bob Dadae,Bob Dadae,Bob Dadae,,male,1961-03-08,,Bob Dadae,,,,,Bob Dadae,Μπομπ Νταντάε,,"Дадае, Боб",,,鮑伯·達達,,,Μπομπ Νταντάε,,Bob Dadae,,,,Bob Dadae,"Дадае, Боб",,,,,,,,Bob Dadae,,,,,ボブ・ダダエ,Bob Dadae,,,,,Bob Dadae,,,,,,,,,,,,,,,,,,,,,,,,,,,,,,,,,,,,,,,,,,,,,,,,,,,,,,,,,,,,,,,,,politician,,,,,,,,,,,,,,,,,,,,,,
Q28911702,,Labi Amaiu,,,,Labi Amaiu,,Labi Amaiu,,Labi Amaiu,,male,,,Labi Amaiu,,,,,,,,,,,,,,,,,,,,,,,,,,,,,,,,,,,,,,,,,,,,,,,,,,,,,,,,,,,,,,,,,,,,,,,,,,,,,,,,,,,,,,,,,,,,,,,,,,,,,,,,,politician,,,,,,,,,,,,,,,,,,,,,,
Q28911703,,Robert Atiyafa,,,,Robert Atiyafa,,Robert Atiyafa,,Robert Atiyafa,,male,1959,Robert,Robert Atiyafa,,,,,,,,,,,,,,,,,,,,,,,,,,,,,,,,,,,,,,,,,,,,,,,,,,,,,,,,,,,,,,,,,,,,,,,,,,,,,,,,,,,,,,,,,,,,,,,,,,,,,,,,,politician,,,,,,,,,,,,,,,,,,,,,,
Q28911725,,Lauta Atoi,,,,Lauta Atoi,,Lauta Atoi,,Lauta Atoi,,male,,,Lauta Atoi,,,,,,,,,,,,,,,,,,,,,,,,,,,,,,,,,,,,,,,,,,,,,,,,,,,,,,,,,,,,,,,,,,,,,,,,,,,,,,,,,,,,,,,,,,,,,,,,,,,,,,,,,politician,,,,,,,,,,,,,,,,,,,,,,
Q28911852,,Tony Aimo,,,,Tony Aimo,,Tony Aimo,,Tony Aimo,,male,,,Tony Aimo,,,,,,,,,,,,,,,,,,,,,,,,,,,,,,,,,,,,,,,,,,,,,,,,,,,,,,,,,,,,,,,,,,,,,,,,,,,,,,,,,,,,,,,,,,,,,,,,,,,,,,,,,politician,,,,,,,,,,,,,,,,,,,,,,
Q28911869,,Benny Allan,,,,Benny Allan,,Benny Allan,,Benny Allan,,male,,,Benny Allan,,,,,,,,,,,,,,,,,,,,,,,,,,,,,,,,,,,,,,,,,,,,,,,,,,,,,,,,,,,,,,,,,,,,,,,,,,,,,,,,,,,,,,,,,,,,,,,,,,,,,,,,,politician,,,,,,,,,,,,,,,,,,,,,,
Q28925023,,Francis Awesa,,,,Francis Awesa,,Francis Awesa,,Francis Awesa,,male,,Francis,Francis Awesa,,,,,,,,,,,,,,,,,,,,,,,,,,,,,,,,,,,,,,,,,,,,,,,,,,,,,,,,,,,,,,,,,,,,,,,,,,,,,,,,,,,,,,,,,,,,,,,,,,,,,,,,,politician,,,,,,,,,,,,,,,,,,,,,,
Q28925119,,Mai Dop,,,,Mai Dop,,Mai Dop,,Mai Dop,,male,,,Mai Dop,,,,,,,,,,,,,,,,,,,,,,,,,,,,,,,,,,,,,,,,,,,,,,,,,,,,,,,,,,,,,,,,,,,,,,,,,,,,,,,,,,,,,,,,,,,,,,,,,,,,,,,,,,,,,,,,,,,,,,,,,,,,,,,
Q28925128,,Camillus Dangma,,,,Camillus Dangma,,Camillus Dangma,,Camillus Dangma,,male,,,Camillus Dangma,,,,,,,,,,,,,,,,,,,,,,,,,,,,,,,,,,,,,,,,,,,,,,,,,,,,,,,,,,,,,,,,,,,,,,,,,,,,,,,,,,,,,,,,,,,,,,,,,,,,,,,,,,,,,,,,,,,,,,,,,,,,,,,
Q28940953,,Aide Ganasi,,,,Aide Ganasi,,Aide Ganasi,,Aide Ganasi,,male,,,Aide Ganasi,,,,,,,,,,,,,,,,,,,,,,,,,2016-11-08,,,,,,,,,,,,,,,,,,,,,,,,,,,,,,,,,,,,,,,,,,,,,,,,,,,,,,,,,,,,,,,,,,,,,,,,,,,,,,,,politician,,,,,,,,,,,,,,,,,,,,,,
Q28962701,,James Gau,,,,James Gau,,James Gau,,James Gau,,male,,James,James Gau,,,,,,,,,,,,,,,,,,,,,,,,,,,,,,,,,,,,,,,,,,,,,,,,,,,,,,,,,,,,,,,,,,,,,,,,,,,,,,,,,,,,,,,,,,,,,,,,,,,,,,,,,,,,,,,,,,,,,,,,,,,,,,,
Q28962710,,Lucas Dekena,,,,Lucas Dekena,,Lucas Dekena,,Lucas Dekena,,male,,,Lucas Dekena,,,,,,,,,,,,,,,,,,,,,,,,,,,,,,,,,,,,,,,,,,,,,,,,,,,,,,,,,,,,,,,,,,,,,,,,,,,,,,,,,,,,,,,,,,,,,,,,,,,,,,,,,politician,,,,,,,,,,,,,,,,,,,,,,
Q28962921,,Robert Ganim,,,,Robert Ganim,,Robert Ganim,,Robert Ganim,,male,,Robert,Robert Ganim,,,,,,,,,,,,,,,,,,,,,,,,,,,,,,,,,,,,,,,,,,,,,,,,,,,,,,,,,,,,,,,,,,,,,,,,,,,,,,,,,,,,,,,,,,,,,,,,,,,,,,,,,politician,,,,,,,,,,,,,,,,,,,,,,
Q28962940,,Roy Biyama,,,,Roy Biyama,,Roy Biyama,,Roy Biyama,,male,,,Roy Biyama,,,,,,,,,,,,,,,,,,,,,,,,,,,,,,,,,,,,,,,,,,,,,,,,,,,,,,,,,,,,,,,,,,,,,,,,,,,,,,,,,,,,,,,,,,,,,,,,,,,,,,,,,politician,,,,,,,,,,,,,,,,,,,,,,
Q28966596,,Sam Basil,,,,Sam Basil,,Sam Basil,,Sam Basil,,male,,,Sam Basil,,,,,,,,,,,,,,,,,,,,,,,,,,,,,,,,,,,,,,,,,,,,,,,,,,,,,,,,,,,,,,,,,,,,,,,,,,,,,,,,,,,,,,,,,,,,,,,,,,,,,,,,,politician,,,,,,,,,,,,,,,,,,,,,,
Q28966872,,De Kewanu,,,,De Kewanu,,De Kewanu,,De Kewanu,,male,,,De Kewanu,,,,,,,,,,,,,,,,,,,,,,,,,,,,,,,,,,,,,,,,,,,,,,,,,,,,,,,,,,,,,,,,,,,,,,,,,,,,,,,,,,,,,,,,,,,,,,,,,,,,,,,,,politician,,,,,,,,,,,,,,,,,,,,,,
Q28967069,,Nixon Duban,,,,Nixon Duban,,Nixon Duban,,Nixon Duban,,male,,,Nixon Duban,,,,,,,,,,,,,,,,,,,,,,,,,,,,,,,,,,,,,,,,,,,,,,,,,,,,,,,,,,,,,,,,,,,,,,,,,,,,,,,,,,,,,,,,,,,,,,,,,,,,,,,,,politician,,,,,,,,,,,,,,,,,,,,,,
Q28967536,,Peter Ipatas,,,,Peter Ipatas,,Peter Ipatas,,Peter Ipatas,,male,,Peter,Peter Ipatas,,,,,,,,,,,,,,,,,,,,,,,,,,,,,,,,,,,,,,,,,,,,,,,,,,,,,,,,,,,,,,,,,,,,,,,,,,,,,,,,,,,,,,,,,,,,,,,,,,,,,,,,,,,,,,,,,,,,,,,,,,,,,,,
Q28967737,,Byron Chan,,,,Byron Chan,,Byron Chan,,Byron Chan,,male,,,Byron Chan,,,,,,,,,,,,,,,,,,,,,,,,,,,,,,,,,,,,,,,,,,,,,,,,,,,,,,,,,,,,,,,,,,,,,,,,,,,,,,,,,,,,,,,,,,,,,,,,,,,,,,,,,politician,,,,,,,,,,,,,,,,,,,,,,
Q28967857,,Jeffery Komal,,,,Jeffery Komal,,Jeffery Komal,,Jeffery Komal,,male,,,Jeffery Komal,,,,,,,,,,,,,,,,,,,,,,,,,,,,,,,,,,,,,,,,,,,,,,,,,,,,,,,,,,,,,,,,,,,,,,,,,,,,,,,,,,,,,,,,,,,,,,,,,,,,,,,,,politician,,,,,,,,,,,,,,,,,,,,,,
Q28967927,,Mehrra Minne Kipefa,,,,Mehrra Minne Kipefa,,Mehrra Minne Kipefa,,Mehrra Minne Kipefa,,male,,,Mehrra Minne Kipefa,,,,,,,,,,,,,,,,,,,,,,,,,,,,,,,,,,,,,,,,,,,,,,,,,,,,,,,,,,,,,,,,,,,,,,,,,,,,,,,,,,,,,,,,,,,,,,,,,,,,,,,,,,,,,,,,,,,,,,,,,,,,,,,
Q28967931,,Komun Joe Koim,,,,Komun Joe Koim,,Komun Joe Koim,,Komun Joe Koim,,male,,,Komun Joe Koim,,,,,,,,,,,,,,,,,,,,,,,,,,,,,,,,,,,,,,,,,,,,,,,,,,,,,,,,,,,,,,,,,,,,,,,,,,,,,,,,,,,,,,,,,,,,,,,,,,,,,,,,,,,,,,,,,,,,,,,,,,,,,,,
Q28974377,,Paul Isikiel,,,,Paul Isikiel,,Paul Isikiel,,Paul Isikiel,,male,,Paul,Paul Isikiel,,,,,,,,,,,,,,,,,,,,,,,,,,,,,,,,,,,,,,,,,,,,,,,,,,,,,,,,,,,,,,,,,,,,,,,,,,,,,,,,,,,,,,,,,,,,,,,,,,,,,,,,,politician,,,,,,,,,,,,,,,,,,,,,,
Q28974649,,Noah Kool,,,,Noah Kool,,Noah Kool,,Noah Kool,,male,,,Noah Kool,,,,,,,,,,,,,,,,,,,,,,,,,,,,,,,,,,,,,,,,,,,,,,,,,,,,,,,,,,,,,,,,,,,,,,,,,,,,,,,,,,,,,,,,,,,,,,,,,,,,,,,,,politician,,,,,,,,,,,,,,,,,,,,,,
Q29025022,,Charlie Benjamin,,,,,,Charlie Benjamin,,Charlie Benjamin,,male,,,Charlie Benjamin,,,,,,,,,,,,,,,,,,,,,,,,,,,,,,,,,,,,,,,,,,,,,,,,,,,,,,,,,,,,,,,,,,,,,,,,,,,,,,,,,,,,,,,,,,,,,,,,,,,,,,,,,politician,,,,,,,,,,,,,,,,,,,,,,
Q29452698,,Ephraim T. Apelis,,,,Ephraim T. Apelis,,Ephraim T. Apelis,,Ephraim Apelis,,male,1954-12-26,,Ephraim Apelis,,,,,,,,,,,,,,,,,,,,,,,,,2003,,,,,,,,,,,,,,,,,,,,,,,,,,,,,,,,,,,,,,,,,,,,,,,,,,,,,,,,,,,,,,,,,,,,,,,,,,,,,,,,,,,,,,,,,,,,,,,,,,,,,,
Q29583256,,Peter Isoaimo,,,,Peter Isoaimo,,Peter Isoaimo,,Peter Isoaimo,,male,,Peter,Peter Isoaimo,,,,,,,,,,,,,,,,,,,,,,,,,,,,,,,,,,,,,,,,,,,,,,,,,,,,,,,,,,,,,,,,,,,,,,,,,,,,,,,,,,,,,,,,,,,,,,,,,,,,,,,,,,,,,,,,,,,,,,,,,,,,,,,
Q29584147,,Elias Kapavore,,,,Elias Kapavore,,Elias Kapavore,,Elias Kapavore,,male,,,Elias Kapavore,,,,,,,,,,,,,,,,,,,,,,,,,,,,,,,,,,,,,,,,,,,,,,,,,,,,,,,,,,,,,,,,,,,,,,,,,,,,,,,,,,,,,,,,,,,,,,,,,,,,,,,,,politician,,,,,,,,,,,,,,,,,,,,,,
Q29587334,,Bire Kimisopa,,,,Bire Kimisopa,,Bire Kimisopa,,Bire Kimisopa,,male,,,Bire Kimisopa,,,,,,,,,,,,,,,,,,,,,,,,,,,,,,,,,,,,,,,,,,,,,,,,,,,,,,,,,,,,,,,,,,,,,,,,,,,,,,,,,,,,,,,,,,,,,,,,,,,,,,,,,,,,,,,,,,,,,,,,,,,,,,,
Q29638946,,Jeffery Kuave,,,,Jeffery Kuave,,Jeffery Kuave,,Jeffery Kuave,,male,,,Jeffery Kuave,,,,,,,,,,,,,,,,,,,,,,,,,,,,,,,,,,,,,,,,,,,,,,,,,,,,,,,,,,,,,,,,,,,,,,,,,,,,,,,,,,,,,,,,,,,,,,,,,,,,,,,,,politician,,,,,,,,,,,,,,,,,,,,,,
Q29650223,,Timothy Masiu,,,,Timothy Masiu,,Timothy Masiu,,Timothy Masiu,,male,,,Timothy Masiu,,,,,,,,,,,,,,,,,,,,,,,,,,,,,,,,,,,,,,,,,,,,,,,,,,,,,,,,,,,,,,,,,,,,,,,,,,,,,,,,,,,,,,,,,,,,,,,,,,,,,,,,,politician,,,,,,,,,,,,,,,,,,,,,,
Q29791586,,Joe Lera,,,,Joe Lera,,Joe Lera,,Joe Lera,,male,,,Joe Lera,,,,,,,,,,,,,,,,,,,,,,,,,,,,,,,,,,,,,,,,,,,,,,,,,,,,,,,,,,,,,,,,,,,,,,,,,,,,,,,,,,,,,,,,,,,,,,,,,,,,,,,,,,,,,,,,,,,,,,,,,,,,,,,
Q29799284,,Nixon Mangape,,,,Nixon Mangape,,Nixon Mangape,,Nixon Mangape,,male,,,Nixon Mangape,,,,,,,,,,,,,,,,,,,,,,,,,,,,,,,,,,,,,,,,,,,,,,,,,,,,,,,,,,,,,,,,,,,,,,,,,,,,,,,,,,,,,,,,,,,,,,,,,,,,,,,,,,,,,,,,,,,,,,,,,,,,,,,
Q29862015,,Ron Ganarafo,,,,Ron Ganarafo,,Ron Ganarafo,,Ron Ganarafo,,male,,Ron,Ron Ganarafo,,,,,,,,,,,,,,,,,,,,,,,,,,,,,,,,,,,,,,,,,,,,,,,,,,,,,,,,,,,,,,,,,,,,,,,,,,,,,,,,,,,,,,,,,,,,,,,,,,,,,,,,,politician,,,,,,,,,,,,,,,,,,,,,,
Q29944026,,Richard Mendani,,,,Richard Mendani,,Richard Mendani,,Richard Mendani,,male,,Richard,Richard Mendani,,,,,,,,,,,,,,,,,,,,,,,,,,,,,,,,,,,,,,,,,,,,,,,,,,,,,,,,,,,,,,,,,,,,,,,,,,,,,,,,,,,,,,,,,,,,,,,,,,,,,,,,,politician,,,,,,,,,,,,,,,,,,,,,,
Q30391049,,Tobias Kulang,,,,Tobias Kulang,,Tobias Kulang,,Tobias Kulang,,male,,Tobias,Tobias Kulang,,,,,,,,,,,,,,,,,,,,,,,,,,,,,,,,,,,,,,,,,,,,,,,,,,,,,,,,,,,,,,,,,,,,,,,,,,,,,,,,,,,,,,,,,,,,,,,,,,,,,,,,,politician,,,,,,,,,,,,,,,,,,,,,,
Q30829021,,Amkat Mai,,,,Amkat Mai,,Amkat Mai,,Amkat Mai,,male,,,Amkat Mai,,,,,,,,,,,,,,,,,,,,,,,,,,,,,,,,,,,,,,,,,,,,,,,,,,,,,,,,,,,,,,,,,,,,,,,,,,,,,,,,,,,,,,,,,,,,,,,,,,,,,,,,,,,,,,,,,,,,,,,,,,,,,,,
Q316264,Michael Somare,Michael Somare,Michael Somare,Michael Somare,Michael Somare,Michael Somare,Michael Somare,Michael Somare,Michael Somare,Michael Somare,Michael Somare,male,1936-04-09,Michael,Michael Somare,迈克尔·索马雷,邁克爾·索馬雷,米高·索馬雷,Michael Somare,Michael Somare,Μάικλ Σομάρε,,Майкл Томас Сомаре,Michael Somare,Michael Somare,迈克尔·索马雷,,迈克尔·索马雷,Μάικλ Σομάρε,Michael Somare,Michael Somare,,Michael Somare,Michael Somare,Michael Somare,"Сомаре, Майкл Томас",迈克尔·索马雷,63595418,no95050985,,/m/01xzgk,biography/Michael-Somare,,,Michael Somare,Майкл Сомаре,Michael Somare,Michael Somare,マイケル・ソマレ,Michael Somare,Michael Somare,,マイケル・ソマレ,Michael Somare,,Майкл Сомаре,Michael Somare,"https://upload.wikimedia.org/wikipedia/commons/1/1b/Somare,_Michael_(2008).jpg",,1524389,16431198X,迈克尔·索马雷,麥可·索馬雷,마이클 소마레,Michael Somare,Michael Somare,Michael Somare,Majkl Somare,Мајкл Сомаре,Michael Somare,Michael Somare,Michael Somare,মাইকেল সোমারে,Мајкл Сомаре,Michael Somare,Michael Somare,মাইকেল সোমারে,Michael Somare,Michael Somare,마이클 소마레,Michael Somare,Michael Somare,Мајкл Сомаре,Michael Somare,Michael Somare,,,0000 0000 4180 0152,,068846177,,,,,,,,,,,,,,,,,,Category:Michael Somare,,,,,,,,,,,,politician,,,Michael Somare,Michael Somare,,,w6v16hk1,,,,,,,Michael Somare,Michael Somare,,,,,156067,,
Q3182674,John Waiko,John Waiko,,John Waiko,John Waiko,John Waiko,,John Waiko,,John Waiko,,male,1944,John,John Waiko,,,,,,,,,,,,,,,,John Waiko,,,,,,,46869123,nr93036646,,,,,,,,,,,,,,,,,,,,,328805,,,,,,,,,,,,,,,,,,,,,,,,,,,,0000 0000 6307 4403,,071101179,12520032b,,,,,,,,,,,,,,,,,,,,,,,,,,,,,anthropologist,,,,,,,,,,,,,,,,,,,,,,
Q3274465,Barry Holloway,Barry Holloway,,,Barry Holloway,Barry Holloway,,Barry Holloway,,Barry Holloway,,male,1934-09-26,Barry,Barry Holloway,,,,,,,,,,,,Barry Holloway,,,,Barry Holloway,,,,,,,,,2013-01-16,,,,,,,,,,,,,,,,,,https://upload.wikimedia.org/wikipedia/commons/f/f0/BarryHolloway1.png,,,,,,,,,,,,,,,,,,,,,,,,,,,,,,,,,,,,,,Holloway,,,,,,,,,,,,,,,,,,,,,,,,politician,,,,,,,,,,,,,,,,,,,,,,
Q3372294,Paul Tiensten,Paul Tiensten,,,Paul Tiensten,Paul Tiensten,,Paul Tiensten,,Paul Tiensten,,male,1966,Paul,Paul Tiensten,,,,,,,,,,,,,,,,Paul Tiensten,,,,,,,,,,,,,,,,,,,,,,,,,,,,,,,,,,,,,,,,,,,,,,,,,,,,,,,,,,,,,,,,,,,,,,,,,,,,,,,,,,,,,,,,,politician,,,,,,,,,,,,,,,,,,,,,,
Q35498105,,Walter Schnaubelt,,,,,,Walter Schnaubelt,,Walter Schnaubelt,,male,,Walter,Walter Schnaubelt,,,,,,,,,,,,,,,,,,,,,,,,,,,,,,,,,,,,,,,,,,,,,,,,,,,,,,,,,,,,,,,,,,,,,,,,,,,,,,,,,Schnaubelt,,,,,,,,,,,,,,,,,,,,,,,,,,,,,,,,,,,,,,,,,,,,,,
Q35553617,,Patrick Pruaitch,,,Patrick Pruaitch,,,Patrick Pruaitch,,Patrick Pruaitch,,male,,,Patrick Pruaitch,,,,,,,,,,,,,,,,Patrick Pruaitch,,,,,,,,,,,,,,,,,,,,,,,,,,,,,,,,,,,,,,,,,,,,,,,,,,,,,,,,,,,,,,,,,,,,,,,,,,,,,,,,,,,,,,,,,politician,,,,,,,,,,,,,,,,,,,,,,
Q42506435,,Waliyato Clowes,,,,,,Waliyato Clowes,,Waliyato Clowes,,female,,,Waliyato Clowes,,,,,,,,,,,,,,,,,,,,,,,,,,,,,,,,,,,,,,,,,,,,,,,,,,,,,,,,,,,,,,,,,,,,,,,,,,,,,,,,,,,,,,,,,,,,,,,,,,,,,,,,,politician,,,,,,,,,,,,,,,,,,,,,,
Q42631708,,Julie Soso,,,,,,Julie Soso,,Julie Soso,,female,,Julie,Julie Soso,,,,,,,,,,,,,,,,,,,,,,,,,,,,,,,,,,,,,,,,,,,,,,,,,,,,,,,,,,,,,,,,,,,,,,,,,,,,,,,,,,,,,,,,,,,,,,,,,,,,,,,,,politician,,,,,,,,,,,,,,,,,,,,,,
Q438696,James Tanis,James Tanis,,James Tanis,James Tanis,James Tanis,James Tanis,James Tanis,James Tanis,James Tanis,,male,1965,James,Τζέιμς Τάνις,,,,,James Tanis,Τζέιμς Τάνις,,,,,,,,Τζέιμς Τάνις,,,,,,James Tanis,,,,,,/m/05b5_y_,,,,,,,,,,,,,,,,,,,,,,,,,,,,,,,,,,,,,,,,,,,,,,,,,,,,,,,Tanis,,,,,,,,,,,,,,جيمس تانيس,جيمس تانيس,,,,,,,,,politician,,,,,,,,,,,,,,,,,,,,,,
Q458865,John Guise,John Guise,John Guise,John Guise,John Guise,John Guise,John Guise,John Guise,John Guise,John Guise (governor-general),John Guise,male,1914-08-29,John,John Guise (governor-general),,,,,John Guise,,,Джон Гайс,,,約翰·吉斯,,,,,John Guise,,,,John Guise,"Гис, Джон",,,,1991-02-07,/m/09pl__,,,,,,,,サー・ジョン・ガイズ,,,,,,,,,,,,,,,,,,,,,,,,,,,,,,,,,,,,,,,,,,,,John Guise,,,,,,,,,,,,,,,,,,,,,,,,,,,politician,जॉन गाइज़ (गवर्नर-जनरल),जॉन गाइज़,,,,,,,,,,,,,,,,,,,,
Q466818,Bernard Narokobi,Bernard Narokobi,,Bernard Narokobi,Bernard Narokobi,Bernard Narokobi,,Bernard Narokobi,Bernard Narokobi,Bernard Narokobi,,male,1937,Bernard,Bernard Narokobi,,,,,,,,,,,,Bernard Narokobi,,,,Bernard Narokobi,,,,,,,69025524,n82130208,2010-03-09,/m/0cw_yv,,,,,,,,,,,,,,,,,,,,033681473,,,,,,,,,,,,,,,,,,,,,,,,,,,0000 0000 8391 4430,,,12452438f,,,,,,,,,,,,,,,,,,,,,,,,,,,,,diplomat,,,,,,,,,,,,,,,,,,,,,,
Q471229,Paulias Matane,Paulias Matane,Paulias Matane,Paulias Matane,Paulias Matane,Paulias Matane,,Paulias Matane,Paulias Matane,Paulias Matane,Paulias Matane,male,1931-09-21,,Paulias Matane,,,,Paulias Matane,Paulias Matane,Πόλιας Ματάνε,,"Матане, Полиас",,,保利亚斯·马塔恩,,,Πόλιας Ματάνε,,Paulias Matane,,Paulias Matane,,Paulias Matane,"Матане, Полиас",保利亚斯·马塔恩,23416674,n79053910,,/m/039yhc,,,,Paulias Matane,Поліас Нгуні Матанє,,,サー・ポーリアス・マタネ,Paulias Matane,,,,,,Поліас Нгуні Матанє,Paulias Matane,https://upload.wikimedia.org/wikipedia/commons/b/b2/Sir_Paulias_Matane.jpg,,35224,,,,,,Paulias Matane,,Paulijas Matane,Паулијас Матане,,,,,Паулијас Матане,,,,,,,,Paulias Matane,Паулијас Матане,,,,,0000 0000 8433 2141,1078288992,,,,,,,,,Paulias Matane,Paulias Matane,Paulias Matane,Paulias Matane,,,,,,,,,,,,,,,,,,,diplomat,पॉलिएस मटाने,पॉलिएस मटाने,,,,,,,,,,,00449107,,,,,,,,,
Q4734236,,Alois Kingsley,,,,Alois Kingsley,,Alois Kingsley,,Alois Kingsley,,male,,Alois,Alois Kingsley,,,,,,,,,,,,,,,,,,,,,,,,,,,,,,,,,,,,,,,,,,,,,,,,,,,,,,,,,,,,,,,,,,,,,,,,,,,,,,,,,Kingsley,,,,,,,,,,,,,,,,,,,,,,,,politician,,,,,,,,,,,,,,,,,,,,,,
Q4757866,Andrew Mald,Andrew Mald,,,,Andrew Mald,,Andrew Mald,,Andrew Mald,,male,,Andrew,Andrew Mald,,,,,,,,,,,,,,,,,,,,,,,,,,,,,,,,,,,,,,,,,,,,,,,,,,,,,,,,,,,,,,,,,,,,,,,,,,,,,,,,,,,,,,,,,,,,,,,,,,,,,,,,,politician,,,,,,,,,,,,,,,,,,,,,,
Q4889049,Benjamin Mul,Benjamin Mul,,,,Benjamin Mul,,Benjamin Mul,,Benjamin Mul,,male,,Benjamin,Benjamin Mul,,,,,,,,,,,,,,,,,,,,,,,,,,,,,,,,,,,,,,,,,,,,,,,,,,,,,,,,,,,,,,,,,,,,,,,,,,,,,,,,,,,,,,,,,,,,,,,,,,,,,,,,,,,,,,,,,,,,,,,,,,,,,,,
Q4889136,Benjamin Poponawa,Benjamin Poponawa,,,,Benjamin Poponawa,,Benjamin Poponawa,,Benjamin Poponawa,,male,,Benjamin,Benjamin Poponawa,,,,,,,,,,,,,,,,,,,,,,,,,,,,,,,,,,,,,,,,,,,,,,,,,,,,,,,,,,,,,,,,,,,,,,,,,,,,,,,,,,,,,,,,,,,,,,,,,,,,,,,,,,,,,,,,,,,,,,,,,,,,,,,
Q4938707,Boka Kondra,Boka Kondra,,,,Boka Kondra,,Boka Kondra,,Boka Kondra,,male,,,Boka Kondra,,,,,,,,,,,,,,,,,,,,,,,,,,,,,,,,,,,,,,,,,,,,,,,,,,,,,,,,,,,,,,,,,,,,,,,,,,,,,,,,,,,,,,,,,,,,,,,,,,,,,,,,,politician,,,,,,,,,,,,,,,,,,,,,,
Q5106757,Chris Haiveta,Chris Haiveta,Chris Haiveta,Chris Haiveta,Chris Haiveta,Chris Haiveta,Chris Haiveta,Chris Haiveta,,Chris Haiveta,Chris Haiveta,male,1960,Chris,Chris Haiveta,,,,,,,,,,,海維達,,,,,,,,,,,,,,,,,,,,,,,,,,,,,,,,,,,,,,,,,,,,,,,,,,,,,,,,,,,,,,,,,,,,,,,,,,,,,,,,,,,,,,,,,,,,,,politician,,,,,,,,,,,,,,,,,,,,,,
Q5230872,David Arore,David Arore,,,David Arore,David Arore,,David Arore,,David Arore,,male,,David,David Arore,,,,,,,,,,,,,,,,,,,,,,,,,,,,,,,,,,,,,,,,,,,,,,,,,,,,,,,,,,,,,,,,,,,,,,,,,,,,,,David Arore,,,,,,,,,,,,,,,,,,,,,,,,,,,,,,,,,,,,,,,,,,,,,,,,,
Q5362021,Theo Zurenuoc,Theo Zurenuoc,Theo Zurenuoc,,Theo Zurenuoc,,,Theo Zurenuoc,,Theo Zurenuoc,,male,,Theo,Theo Zurenuoc,,,,,Theo Zurenuoc,,,,,,西奧多·佐倫諾克,,,,,Theo Zurenuoc,,,,Theo Zurenuoc,,,,,,,,,,,,,Theo Zurenuoc,,,,,,,,,,,,,,,,,,,,,,,,Theo Zurenuoc,,,Theo Zurenuoc,,,,,,,,,,,,,,,,,,,,,,,,,,,,,,,,,,,,,,,,,,,,,politician,,,,,,,,,,,,,,,,,,,,,,
Q5482103,Francis Ona,Francis Ona,,Francis Ona,Francis Ona,Francis Ona,,Francis Ona,,Francis Ona,,male,1953,Francis,Francis Ona,,,,Francis Ona,,,,,,,,,,,,,,Francis Ona,,,,,,,2005-07-24,/m/072kqr,,,,,,,,フランシス・オナ,Francis Ona,,,,,,,,,,,,,,,,Francis Ona,,,,,,,,,,,,,,,,Francis Ona,,,,,,,,,,,,,,,,,,,,,,,,,,,,,,,,,,,,,,politician,,,,,,,,,,,,,,,,,,,,,,Francis Ona
Q5482225,Francis Potape,Francis Potape,,,,Francis Potape,,Francis Potape,,Francis Potape,,male,,Francis,Francis Potape,,,,,,,,,,,,,,,,,,,,,,,,,,,,,,,,,,フランシス・ポタペ,,,,,,,,,,,,,,,,,,,,,,,,,,,,,,,,,,,,,,,,,,,,Francis Potape,,,,,,,,,,,,,,,,,,,,,,,,,,,,,,,,,,,,,,,,,,,,,,,,,
Q561338,Michael Ogio,Michael Ogio,Michael Ogio,Michael Ogio,Michael Ogio,Michael Ogio,Michael Ogio,Michael Ogio,Michael Ogio,Michael Ogio,Michael Ogio,male,1942-07-07,Michael,Michael Ogio,,邁克爾·奧吉奧,,,Michael Ogio,Μάικλ Ότζιο,,"Огио, Майкл",,,米高·奧吉奧,,迈克尔·奥吉奥,Μάικλ Ότζιο,,Michael Ogio,,,,Michael Ogio,"Огио, Майкл",,,,2017-02-18,/m/0g9y5l8,,Michael Ogio,Michael Ogio,Michael Ogio,Майкл Огіо,Michael Ogio,Michael Ogio,マイケル・オギオ,Michael Ogio,Michael Ogio,Michael Ogio,マイケル・オギオ,Michael Ogio,Michael Ogio,Майкл Огіо,Michael Ogio,https://upload.wikimedia.org/wikipedia/commons/3/3c/Michael_Ogio.jpg,,,,,,,,Michael Ogio,,,,,,,,,,,,,,,,Michael Ogio,,,,,,,,,,,,,,,,,,,,,,,,,,,,,,,,,,,,Michael Ogio,,politician,माइकल ओजियो,माइकल ओजियो,,,,,,,Մայքլ Օգիո,Մայքլ Օգիո,,,,,,,,,,,,
Q5613862,Guao Zurenuoc,Guao Zurenuoc,,,Guao Zurenuoc,Guao Zurenuoc,,Guao Zurenuoc,,Guao Zurenuoc,,male,"",,Guao Zurenuoc,,,,,,,,,,,,,,,,,,,,,,,,,2012-01-25,,,,,,,,,,,,,,,,,,,,,,,,,,,,,,,,,,,,,,,,,,,,,,,,,,,,,Guao Zurenuoc,,,,,,,,,,,,,,,,,,,,,,,,,,,politician,,,,,,,,,,,,,,,,,,,,,,
Q567469,Ano Pala,Ano Pala,Ano Pala,Ano Pala,Ano Pala,Ano Pala,Ano Pala,Ano Pala,Ano Pala,Ano Pala,,male,"",Ano,Ano Pala,,,,,,,,,,,,,,,,,,,,,,,,,,/m/0bxztr8,,,,,,,Ano Pala,,,,,,,,,,,,,,,,,,,,,,,,Ano Pala,,,Ano Pala,,,,,,,,,,,,,,,,,,,,,Pala,,,,,,,,,,,,,,,,,,,,,,,,politician,,,,,,,,,,,,,,,,,,,,,,
Q57892,Peter O’Neill,Peter O'Neill,Peter O'Neill,Peter O'Neill,Peter O'Neill,Peter O'Neill,Peter O'Neill,Peter O'Neill,Peter O’Neill,Peter O'Neill,Peter O'Neill,male,1965-02-13,Peter,Peter O'Neill,,,,Peter O'Neill,Peter O'Neill,,,"О’Нил, Питер",Peter O'Neill,,彼得·奥尼尔,,,,,Peter O'Neill,,Peter O'Neill,Peter O'Neill,Peter O’Neill,"О’Нил, Питер",彼得·奥尼尔,,,,/m/02r43qp,biography/Peter-ONeill,Peter O'Neill,Peter O'Neill,,Пітер О'Ніл,Peter O'Neill,Peter O'Neill,ピーター・オニール,Peter O'Neill,Peter O'Neill,Peter O'Neill,ピーター・オニール,Peter O'Neill,Peter O'Neill,Пітер О'Ніл,,https://upload.wikimedia.org/wikipedia/commons/0/0b/Peter_O'Neil-Prime_Minister_of_Papua_New_Guinea.jpg,,,,,,피터 오닐,,Peter O'Neill,,,,,Peter O'Neill,Peter O'Neill,,,Peter O'Neill,,,,,피터 오닐,,Peter O'Neill,,Peter O'Neill,,Peter O'Neill,Peter O'Neill,,,,,,Peter O'Neill,,,O'Neill,,,,,,,,,,,,,,,,ปีเตอร์ โอนีล,Peter O'Neill,پیتر اونیل,پیتر اونیل,Peter O'Neill,Peter O'Neill,Peter O'Neill,ปีเตอร์ โอนีล,politician,,,Peter O'Neill,Peter O'Neill,Petrus O'Neill,Petrus O'Neill,,Категорија:Питер О'Нил,,,,,,,,,,,Peter O'Neill,,Peter O'Neill,
Q58169,Sam Abal,Sam Abal,,Sam Abal,Sam Abal,Sam Abal,Sam Abal,Sam Abal,Sam Abal,Sam Abal,,male,"",Sam,Sam Abal,,薩姆·阿巴爾,,,Sam Abal,,,,,,,,萨姆·阿巴尔,,,Sam Abal,,,,Sam Abal,,,,,,/m/0g53dr8,biography/Sam-Abal,,,Sam Abal,,,,サム・アバル,,,,,,,,Sam Abal,,,,,,,,,,,,,,,,,,,,,,,,,,,,,Sam Abal,Sam Abal,,,,,,,,,Abal,,,,,,,,,,,,,,,,,,,,,,,,politician,,,,,Samuel Abal,Samuel Abal,,,,,,,,,,,,,,,,
Q590537,John Giheno,John Giheno,John Giheno,John Giheno,John Giheno,John Giheno,John Giheno,John Giheno,John Giheno,John Giheno,John Giheno,male,1950,John,John Giheno,,,,,John Giheno,Τζον Γκιχένο,,Джон Гихено,,,,,,Τζον Γκιχένο,,,,,,John Giheno,"Гихено, Джон",,,,2017-03-20,/m/0g54xv_,,,,,,,,ジョン・ギヘノ,,,,,,,,,,,,,,,,,,,,,,,,,,,,,,,,,,,,,,,,,,,,,,,,,,,,,,,,,John Giheno,John Giheno,,,,,,,,,,,,,politician,,,,,,,,,,,,,,,,,,,,,,
Q5959129,,Ian Ling-Stuckey,Ian Ling-Stuckey,,,Ian Ling-Stuckey,,Ian Ling-Stuckey,,Ian Ling-Stuckey,Ian Ling-Stuckey,male,1959-12-27,Ian,Ian Ling-Stuckey,,,,,,,,,,,,,,,,,,,,,,,,,,,,,,,,,,,,,,,,,,,,,,,,,,,,,,,,,,,,,,,,,,,,,,,,,,,,,,,,,,,,,,,,,,,,,,,,,,,,,,,,,,,,,,,,,,,,,,,,,,,,,,,
Q6076583,Isaac Joseph,Isaac Joseph,,,,Isaac Joseph,,Isaac Joseph,,Isaac Joseph,,male,,Isaac,Isaac Joseph,,,,,,,,,,,,,,,,,,,,,,,,,,,,,,,,,,,,,,,,,,,,,,,,,,,,,,,,,,,,,,,,,,,,,,,,,,,,,,,,,,,,,,,,,,,,,,,,,,,,,,,,,,,,,,,,,,,,,,,,,,,,,,,
Q6138903,James Marape,James Marape,,,James Marape,James Marape,,James Marape,,James Marape,,male,,James,James Marape,,詹姆斯·馬拉佩,,,,,,,,,,,詹姆斯·马拉佩,,,,,,,,,,,,,,,,,,,,,,,,,,,,,,,,,,,,,,,,,,,,,,,,,,,,,,,,,,,,,,,,,,,,,,,,,,,,,,,,,,,,,,,,,,,,politician,,,,,,,,,,,,,,,,,,,,,,
Q6288297,Josephine Abaijah,Josephine Abaijah,,Josephine Abaijah,Josephine Abaijah,Josephine Abaijah,,Josephine Abaijah,,Josephine Abaijah,,female,1944,Josephine,Josephine Abaijah,,,,,,,ג'וזפין אבאיג'ה,,,,,,,,,,,,,,,,11515737,,,,,,,,,,,,,,,,,,,,,,,,,,,,,,,,,,,,,,,,,,,,,,,,,,0000 0000 6384 4498,,,,,,,,,,,,,,,,,,,,,,,,,,,,,,,,politician,,,,,,,w6612brs,,,,,,,,,,,,,,,
Q6387586,Ken Fairweather,Ken Fairweather,,,,Ken Fairweather,,Ken Fairweather,,Ken Fairweather,,male,,Ken,Ken Fairweather,,,,,,,,,,,,,,,,,,,,,,,,,,,,,,,,,,,,,,,,,,,,,,,,,,,,,,,,,,,,,,,,,,,,,,,,,,,,,,,,,Fairweather,,,,,,,,,,,,,,,,,,,,,,,,politician,,,,,,,,,,,,,,,,,,,,,,
Q6429307,Koni Iguan,Koni Iguan,,,,Koni Iguan,,Koni Iguan,,Koni Iguan,,male,,,Koni Iguan,,,,,,,,,,,,,,,,,,,,,,,,,,,,,,,,,,,,,,,,,,,,,,,,,,,,,,,,,,,,,,,,,,,,,,,,,,,,,,,,,,,,,,,,,,,,,,,,,,,,,,,,,,,,,,,,,,,,,,,,,,,,,,,
Q6705658,Luther Wenge,Luther Wenge,,,,,,Luther Wenge,,Luther Wenge,,male,1959,Luther,Luther Wenge,,,,,,,,,,,,,,,,,,,,,,,,,,/m/0gy01k9,,,,,,,,,,,,,,,,,"https://upload.wikimedia.org/wikipedia/commons/9/9d/Luther_Wenge,_Governor_of_Morobe_Province,_Papua_New_Guinea.jpg",,,,,,,,,,,,,,,,,,,,,,,,,,,,,,,,,,,,,,,,,,,,,,,,,,,,,,,,,,,,,,politician,,,,,,,,,,,,,,,,,,,,,,
Q6833018,Michael Nali,Michael Nali,,Michael Nali,Michael Nali,,Michael Nali,Michael Nali,,Michael Nali,,male,1961,Michael,Michael Nali,,,,,,,,,,,,,,,,,,,,,,,,,,,,,,,,,,,,,,,,,,,,,,,,,,,,,,,,,,,,,,,,,,,,,,,,,,,,,,Michael Nali,,,,,,,,,,,,,,,,,,,,,,,,,,,politician,,,,,,,,,,,,,,,,,,,,,,
Q694817,Arnold Amet,Arnold Amet,,Arnold Amet,Arnold Amet,Arnold Amet,,Arnold Amet,Arnold Amet,Arnold Amet,,male,1952-10-30,Arnold,Arnold Amet,,,,,,,,,,,,,,,,,,,,,,,75603605,n97081903,,/m/043k134,,,,,,,,,,,,,,,,,,,,,,,,,,,,,,,,,,,,,,,,,,,,,,,0000 0000 6394 0631,,,,,,,,,,,,,,,,,,,,,,,,,,,,,,,,judge,,,,,,,,,,,,,,,,,,,,,,
Q711564,Arthur Somare,Arthur Somare,,Arthur Somare,Arthur Somare,Arthur Somare,,Arthur Somare,Arthur Somare,Arthur Somare,,male,"",Arthur,Arthur Somare,,,,,,,,,,,,,,,,,,,,,,,,,,,biography/Arthur-Somare,,,,,,,,,,,,,,,,,,,,,,,,,,,,,,,,,,,,,,,,,,,,,,,,,,,,,,,,,,,,,,,,,,,,,,,,,,,,,,,,,,,,,,,,,,,,,,,,,,,,
Q7145139,Pato Kakaraya,Pato Kakaraya,,Pato Kakaraya,,Pato Kakaraya,,Pato Kakaraya,,Pato Kakaraya,,male,,,Pato Kakaraya,,,,,,,,,,,,,,,,,,,,,,,,,,,,,,,,,,パト・カケラヤ,,,,,,,,,,,,,,,,,,,,,,,,,,,,,,,,,,,,,,,,,,,,,,,,,,,,,,,,,,,,,,,,,,,,,,,,,,,,,,,,,,,,,,,,,,,,,
Q7172698,Peter Barter,Peter Barter,,Peter Barter,Peter Barter,Peter Barter,Peter Barter,Peter Barter,,Peter Barter,,male,1940-03-26,Peter,Peter Barter,,,,,,,,,,,,,,,,,,,,,,,,,,,,,,,,,,,,,,,,,,,https://upload.wikimedia.org/wikipedia/commons/9/90/Peter_Barter_080707-N-4928B-019_0X0B6.jpg,,,,,,,,,,,,,,,,,,,,,,,,,,,,,,,,,,,Peter Barter,,,,,,,,,,,,,,,Category:Peter Barter,,,,,,,,,,,,politician,,,,,,,,,,,,,,,,,,,,,,
Q7174785,Peter Humphreys,Peter Humphreys,,,Peter Humphreys,,,Peter Humphreys,,Peter Humphreys,,male,,Peter,Peter Humphreys,,,,,,,,,,,,,,,,,,,,,,,,,,,,,,,,,,,,,,,,,,,,,,,,,,,,,,,,,,,,,,,,,,,,,,,,,,,,,,,,,,,,,,,,,,,,,,,,,,,,,,,,,,,,,,,,,,,,,,,,,,,,,,,
Q7174843,Peter Iwei,Peter Iwei,,,Peter Iwei,,,Peter Iwei,,Peter Iwei,,male,,Peter,Peter Iwei,,,,,,,,,,,,,,,,,,,,,,,,,,,,,,,,,,,,,,,,,,,,,,,,,,,,,,,,,,,,,,,,,,,,,,,,,,,,,,,,,,,,,,,,,,,,,,,,,,,,,,,,,politician,,,,,,,,,,,,,,,,,,,,,,
Q7177816,Peter Yama,Peter Yama,,,Peter Yama,,,Peter Yama,,Peter Yama,,male,,Peter,Peter Yama,,,,,,,,,,,,,,,,,,,,,,,,,,,,,,,,,,,,,,,,,,,,,,,,,,,,,,,,,,,,,,,,,,,,,,,,,,,,,,,,,,,,,,,,,,,,,,,,,,,,,,,,,,,,,,,,,,,,,,,,,,,,,,,
Q7183013,Philemon Embel,Philemon Embel,,,Philemon Embel,Philemon Embel,,Philemon Embel,,Philemon Embel,,male,,,Philemon Embel,,,,,,,,,,,,,,,,,,,,,,,,,,,,,,,,,,,,,,,,,,,,,,,,,,,,,,,,,,,,,,,,,,,,,,,,,,,,,,Philemon Embel,,,,,,,,,,,,,,,,,,,,,,,,,,,,,,,,,,,,,,,,,,,,,,,,,
Q719336,William Skate,Bill Skate,Bill Skate,Bill Skate,Bill Skate,Bill Skate,Bill Skate,Bill Skate,William Skate,Bill Skate,Bill Skate,male,1953-09-26,Bill,Bill Skate,比尔·史凯特,比爾·史凱特,比爾·史凱特,Bill Skate,Bill Skate,Μπιλ Σκέιτ,ביל סקייט,"Скейт, Уильям",Bill Skate,Bill Skate,比爾·史凱特,Bill Skate,,Μπιλ Σκέιτ,Bill Skate,Bill Skate,ביל סקייט,Bill Skate,Bill Skate,Bill Skate,"Скейт, Уильям",比爾·史凱特,58408012,n99018757,2006-01-03,/m/023603,biography/William-Jack-Skate,,,,,,,サー・ウイリアム・スケート,,,,,,,,,,,,,,,,,,,,,,,,,,,,,,,,,,,,,,,0000 0000 3394 3516,,,,,,,,,,,,,,,,,,,,,,,,,,,,,,,,politician,,,,,,,,,,,,,,,,,,,,,,
Q7236875,Powes Parkop,Powes Parkop,,,,Powes Parkop,,Powes Parkop,,Powes Parkop,,male,,,Powes Parkop,,波韋斯·帕科普,,,,,,,,,,,波韦斯·帕科普,,,,,,,,,,,,,,,,,,,,,,,,,,,,,,,,,,,,,,,,,,,,,,,,,,,,,,,,,,,,,,,,,,,,,,,,,,,,,,,,,,,,,,,,,,,,politician,,,,,,,,,,,,,,,,,,,,,,
Q7261232,Puri Ruing,Puri Ruing,,,,,,Puri Ruing,,Puri Ruing,,male,,,Puri Ruing,,,,,,,,,,,,,,,,,,,,,,,,,,,,,,,,,,,,,,,,,,,,,,,,,,,,,,,,,,,,,,,,,,,,,,,,,,,,,,Puri Ruing,,,,,,,,,,,,,,,,,,,,,,,,,,,politician,,,,,,,,,,,,,,,,,,,,,,
Q7404434,Sali Subam,Sali Subam,,,,,,Sali Subam,,Sali Subam,,male,,,Sali Subam,,,,,,,,,,,,,,,,,,,,,,,,,,,,,,,,,,,,,,,,,,,,,,,,,,,,,,,,,,,,,,,,,,,,,,,,,,,,,,Sali Subam,,,,,,,,,,,,,,,,,,,,,,,,,,,politician,,,,,,,,,,,,,,,,,,,,,,
Q7407084,Sam Akoitai,Sam Akoitai,,,Sam Akoitai,Sam Akoitai,,Sam Akoitai,,Sam Akoitai,,male,1961-05-05,Sam,Sam Akoitai,,,,,,,,,,,,,,,,,,,,,,,,,,,,,,,,,,,,,,,,,,,,,,,,,,,,,,,,,,,,,,,,,,,,,,,,,,,,,,,,,,,,,,,,,,,,,,,,,,,,,,,,,politician,,,,,,,,,,,,,,,,,,,,,,
Q7418249,Sani Rambi,Sani Rambi,,,,,,Sani Rambi,,Sani Rambi,,male,,,Sani Rambi,,,,,,,,,,,,,,,,,,,,,,,,,,,,,,,,,,,,,,,,,,,,,,,,,,,,,,,,,,,,,,,,,,,,,,,,,,,,,,Sani Rambi,,,,,,,,,,,,,,,,,,,,,,,,,,,,,,,,,,,,,,,,,,,,,,,,,
Q7519801,Simon Solo,Simon Solo,,,,,,Simon Solo,,Simon Solo,,male,,Simon,Simon Solo,,,,,,,,,,,,,,,,,,,,,,,,,,,,,,,,,,,,,,,,,,,,,,,,,,,,,,,,,,,,,,,,,,,,,,,,,,,,,,Simon Solo,,,,,,,,,,,,,,,,,,,,,,,,,,,,,,,,,,,,,,,,,,,,,,,,,
Q7817115,Tom Olga,Tom Olga,,,,,,Tom Olga,,Tom Olga,,male,,Tom,Tom Olga,,,,,,,,,,,,,,,,,,,,,,,,,,,,,,,,,,,,,,,,,,,,,,,,,,,,,,,,,,,,,,,,,,,,,,,,,,,,,,Tom Olga,,,,,,,,,,,,,,,,,,,,,,,,,,,,,,,,,,,,,,,,,,,,,,,,,
Q7823216,Tony Puana,Tony Puana,,,,,,Tony Puana,,Tony Puana,,male,,Tony,Tony Puana,,,,,,,,,,,,,,,,,,,,,,,,,,,,,,,,,,,,,,,,,,,,,,,,,,,,,,,,,,,,,,,,,,,,,,,,,,,,,,,,,,,,,,,,,,,,,,,,,,,,,,,,,,,,,,,,,,,,,,,,,,,,,,,
Q7960737,Waka Goi,Waka Goi,,,,Waka Goi,,Waka Goi,,Wake Goi,,male,,,Wake Goi,,,,,,,,,,,,,,,,,,,,,,,,,,,,,,,,,,,,,,,,,,,,,,,,,,,,,,,,,,,,,,,,,,,,,,,,,,,,,,,,,,,,,,,,,,,,,,,,,,,,,,,,,,,,,,,,,,,,,,,,,,,,,,,
Q8071441,Zibang Zurenuoc,Zibang Zurenuoc,,,,,,Zibang Zurenuoc,,Zibang Zurenuoc,,male,1927-09,,Zibang Zurenuoc,,,,,,,,,,,,,,,,,,,,,,,,,2008-02-05,,,,,,,,,,,,,,,,,,,,,,,,,,,,,,,,,,,,,,,,,,,,,,,,,,,,,Zibang Zurenuoc,,,,,,,,,,,,,,,,,,,,,,,,,,,politician,,,,,,,,,,,,,,,,,,,,,,
Q809205,Bart Philemon,Bart Philemon,,,Bart Philemon,Bart Philemon,,Bart Philemon,Bart Philemon,Bart Philemon,,male,1945-04-16,Bart,Bart Philemon,,,,,,,,,,,,,,,,Bart Philemon,,,,,,,,,,/m/0glns5x,biography/Bart-Philemon,,,,,,,,,,,,,,,,,,,,,,,,,,,,,,,,,,,,,,,,,,,,,,,,,,,,,,,,,,,,,,,,,,,,,,,,,,,,,,politician,,,,,,,,,,,,,,,,,,,,,,
Q815326,Belden Namah,Belden Namah,Belden Namah,,,Belden Namah,,Belden Namah,Belden Namah,Belden Namah,,male,"",,Belden Namah,,,,,,,,,,,,,,,,,,,,,,,,,,,,,,,,,Belden Namah,,,,,,,,,,,,,,,,,,,,,,,,Belden Namah,,,Belden Namah,,,,,,,,,,,,,,,,,,,,,,,,,,,,,,,,,,,,,,,,,,,,,politician,,,,,,,,,,,,,,,,,,,,,,
Q950406,Julius Chan,Julius Chan,Julius Chan,Julius Chan,Julius Chan,Julius Chan,Julius Chan,Julius Chan,Julius Chan,Julius Chan,Julius Chan,male,1939-08-29,Julius,Julius Chan,陈仲民,陳仲民,陳仲民,Julius Chan,,Τζούλιους Τσεν,ג'וליוס צ'אן,"Чэнь, Джулиус",,Julius Chan,陳仲民,,,Τζούλιους Τσεν,Julius Chan,Julius Chan,ג'וליוס צ'אן,Julius Chan,,,"Чэнь, Джулиус",陳仲民,13719256,n84166122,,/m/01r1lf,biography/Julius-Chan,,,,Джуліус Чан,,,ジュリアス・チャン,,,,,,,Джуліус Чан,,,,,,,,,,,,,,,,,,,,,,,,,,,,,,,,0000 0000 8427 683X,171201795,,,,Julius Chen,Julius Chan,Julius Chan,Chen,00000015928,,,,,,,,,,,,,يوليوس تشن,,,,,,,,,,politician,,,,,,,,,,,Julius Chan,Julius Chan,,,,,,,,,,
Q957271,Kingsford Dibela,Kingsford Dibela,Kingsford Dibela,Kingsford Dibela,Kingsford Dibela,Kingsford Dibela,Kingsford Dibela,Kingsford Dibela,Kingsford Dibela,Kingsford Dibela,Kingsford Dibela,male,1932-03-16,,Kingsford Dibela,,,,,Kingsford Dibela,,,"Дибела, Кингсфорд",,,金斯福德·迪貝拉,Kingsford Dibela,,,,Kingsford Dibela,,,,Kingsford Dibela,"Дибела, Кингсфорд",,,,2002-03-22,/m/09plrd,,,,,,,Kingsford Dibela,サー・キングスフォード・ディベラ,,,,,,,,,,,,,,,,,,,,,,,Kingsford Dibela,,,Kingsford Dibela,,,,,,,,,,,,,,,,,,,,,,,,,,,,,,,,,,,,,,,,,,,,,politician,किंग्सफोर्ड डिबेला,किंग्सफोर्ड डिबेला,,,,,,,,,,,,,,,,,,,,
