id,name,sort_name,phone,image
1213,Lanelle Olandrea Tanangada,"Tanangada, Hon. Lanelle Olandrea",,http://www.parliament.gov.sb/memberfiles/10th_Parliament/memberpics/Hon.Lanelle.JPG
503,Horst Heinz Bodo Dettke,"Dettke, Hon. Horst Heinz Bodo",+677 28520,http://www.parliament.gov.sb/memberfiles/9th_Parliament/memberpics/Hon.%20Bodo%20Dettke.jpg
506,Jackson Fiulaua,"Fiulaua, Hon. Jackson",+677 28520,http://www.parliament.gov.sb/memberfiles/10th_Parliament/memberpics/Hon_Jackson_Fiulaua.JPG
507,John Moffat Fugui,"Fugui, Hon. John Moffat",+677 28520,http://www.parliament.gov.sb/memberfiles/10th_Parliament/memberpics/Hon_Moffat_Fugui.JPG
521,Moses Garu,"Garu, Hon. Moses",+677 22208/ 28421,http://www.parliament.gov.sb/memberfiles/10th_Parliament/memberpics/Hon_Moses_Garu.JPG
532,Douglas Ete,"Ete, Hon. Douglas",+677 28520,http://www.parliament.gov.sb/memberfiles/10th_Parliament/memberpics/Hon_Douglas_Ete.JPG
591,Peter Shanel Agovaka,"Agovaka, Hon. Peter Shanel",+677 36720,http://www.parliament.gov.sb/memberfiles/10th_Parliament/memberpics/Hon_Peter_Shanel_Agovaka.JPG
592,Bartholomew Parapolo,"Parapolo, Hon. Bartholomew",+677 28603,http://www.parliament.gov.sb/memberfiles/10th_Parliament/memberpics/Hon_Bartholomew_Parapolo.jpg
845,Alfred Ghiro,"Ghiro, Hon. Alfred",+677 28520,http://www.parliament.gov.sb/memberfiles/10th_Parliament/memberpics/Hon_Alfred_Ghiro.JPG
846,Manasseh Damukana Sogavare,"Sogavare, Hon. Manasseh Damukana",+677 22556/22557,http://www.parliament.gov.sb/memberfiles/9th_Parliament/memberpics/Hon.%20Manasseh%20Sogavare.JPG
848,Ishmael Mali Avui,"Avui, Hon. Ishmael Mali",+677 23015/23016,http://www.parliament.gov.sb/memberfiles/10th_Parliament/memberpics/Hon_Ismael_Avui.jpg
849,Snyder Rini,"Rini, Hon. Snyder",677 28520,http://www.parliament.gov.sb/memberfiles%5Cmemberpics%5Crini.jpg
851,Nestor Giro,"Giro, Hon. Nestor",+677 28606,http://www.parliament.gov.sb/memberfiles/10th_Parliament/memberpics/Hon_Nesto_Ghiro.JPG
852,Rick Nelson Houenipwela,"Houenipwela, Hon. Rick Nelson",+677 28520,http://www.parliament.gov.sb/memberfiles/10th_Parliament/memberpics/Hon_Rick_Houenipwela.JPG
853,Sam Shemuel Iduri,"Iduri, Hon. Sam Shemuel",+677 28520,http://www.parliament.gov.sb/memberfiles/9th_Parliament/memberpics/Hon.%20ShemuelSam%20Iduri.jpg
855,Martin Kealoe,"Kealoe, Hon. Martin",+677 28520,http://www.parliament.gov.sb/memberfiles/9th_Parliament/memberpics/Hon.%20Martin%20Kealoe.jpg
856,Christopher Laore,"Laore, Hon. Christopher",+677 28520,http://www.parliament.gov.sb/memberfiles/9th_Parliament/memberpics/Hon.%20Christopher%20Laore.jpg
857,Manasseh Maelanga,"Maelanga, Hon. Manasseh",+677 28520,http://www.parliament.gov.sb/memberfiles/9th_Parliament/memberpics/Hon.%20Manasseh%20Maelanga.jpg
858,John Maneniaru,"Maneniaru, Hon. John",+677 /39143,http://www.parliament.gov.sb/memberfiles/9th_Parliament/memberpics/Hon.%20John%20Mane.jpg
859,Andrew Manepora’a,"Manepora’a, Hon Andrew",+677 21512,http://www.parliament.gov.sb/memberfiles/9th_Parliament/memberpics/Hon.%20Andrew%20Manepora'a.jpg
860,Samuel Manetoali,"Manetoali, Hon. Samuel",+677 24215/22263,http://www.parliament.gov.sb/memberfiles/10th_Parliament/memberpics/Hon_Samuel_Manetoali.JPG
861,Commins Aston Mewa,"Mewa, Hon. Commins Aston",+677 28602,http://www.parliament.gov.sb/memberfiles/9th_Parliament/memberpics/Hon.%20Commins%20Aston%20Mewa.jpg
862,Elijah Doro Muala,"Muala, Hon. Elijah Doro",+677 28520,http://www.parliament.gov.sb/memberfiles/9th_Parliament/memberpics/Hon.%20Elijah%20Doro%20Muala.jpg
863,David Day Pacha,"Pacha, Hon. David Day",+677 28520/28523,http://www.parliament.gov.sb/memberfiles/memberpics/Hon.David.PNG
864,Dickson Mua Panakitasi,"Panakitasi, Hon. Dickson Mua",+677 28520,http://www.parliament.gov.sb/memberfiles/9th_Parliament/memberpics/Hon.%20Dickson%20Mua.jpg
865,Danny Philip,"Philip, Hon. Danny",+677 28520,http://www.parliament.gov.sb/memberfiles/9th_Parliament/memberpics/Hon.%20Danny%20Philip.jpg
866,Lionel Alex Qora,"Qora, Hon. Lionel Alex",+677 28520,http://www.parliament.gov.sb/memberfiles/9th_Parliament/memberpics/Hon.%20Lionel%20Alex.jpg
867,Connelly Mathew Sadakabatu,"Sadakabatu, Hon. Connelly Mathew",,http://www.parliament.gov.sb/memberfiles/9th_Parliament/memberpics/Hon.%20Connelly%20Sandakabatu.jpg
871,Charles Sigoto,"Sigoto, Hon. Charles",+677 28520,http://www.parliament.gov.sb/memberfiles/9th_Parliament/memberpics/Hon.%20Charles%20Sigoto.jpg
872,Dr. Derek Sikua,"Sikua, Hon. Dr. Derek",+677 28520,http://www.parliament.gov.sb/memberfiles/9th_Parliament/memberpics/Hon.%20Dr.%20Derek%20Sikua.JPG
873,Stanley Festus Sofu,"Sofu, Hon. Stanley Festus",+677 21141/23428,http://www.parliament.gov.sb/memberfiles/memberpics/sofu.jpg
874,Silas Kerry Vaqara Tausinga,"Tausinga, Hon. Silas Kerry Vaqara",+677 28520,http://www.parliament.gov.sb/memberfiles/9th_Parliament/memberpics/Hon.%20Silas%20Tausinga.JPG
875,Peter Tom,"Tom, Hon. Peter",+677 28520,http://www.parliament.gov.sb/memberfiles/memberpics/tom.jpg
876,David Wanesiofa Tome,"Tome, Hon. David Wanesiofa",+677 28520,http://www.parliament.gov.sb/memberfiles/9th_Parliament/memberpics%5CHon.%20David%20Tome.jpg
915,Dr. Tautai Angikimua Kaitu’u,"Kaitu’u, Hon. Dr. Tautai Angikimua",+677 20830,http://www.parliament.gov.sb/memberfiles/10th_Parliament/memberpics/Hon.%20Dr.%20Tautai%20Angikimua%20Kaitu%E2%80%99u.jpg
916,Duddley Kopu,"Kopu, Hon. Duddley",+677 25230/25239,http://www.parliament.gov.sb/memberfiles/10th_Parliament/memberpics/Hon.%20Duddley%20Kopu.JPG
920,John Dean Kuku,"Kuku, Hon. John Dean",+677 28803,http://www.parliament.gov.sb/memberfiles/10th_Parliament/memberpics/Hon_John_Dean_Kuku.JPG
929,Jimmy Lusibaea,"Lusibaea, Hon. Jimmy",+677 21141,http://www.parliament.gov.sb/memberfiles/10th_Parliament/memberpics/Hon.%20Jimmy%20Lusibaea.jpg
930,Augustine Auga Maeue,"Maeue, Hon. Augustine Auga",+677 22143,http://www.parliament.gov.sb/memberfiles/10th_Parliament/memberpics/Hon.%20Augustine%20Auga.JPG
931,Samson Maneka,"Maneka, Hon. Samson",+677 28520,http://www.parliament.gov.sb/memberfiles/10th_Parliament/memberpics/Hon.%20Sam%20Maneka.JPG
935,Jeremiah Manele,"Manele, Hon. Jeremiah",+677 38255/38256 ,http://www.parliament.gov.sb/memberfiles/10th_Parliament/memberpics/Hon.%20Jeremiah%20Manele.jpg
956,Jimson Fiau Tanangada,"Tanangada, Hon. Jimson Fiau",+677 28602,http://www.parliament.gov.sb/memberfiles/10th_Parliament/memberpics/Hon_Jimson_Fiau%20Tanangada.jpg
958,Dr. Culwick Togamana,"Togamana, Hon. Dr. Culwick",+677 23031/ 23032,http://www.parliament.gov.sb/memberfiles/10th_Parliament/memberpics/Hon_Dr%20Calwick_Togamana.JPG
959,Freda A.B. Tuki Soriacomua,"Soriacomua, Hon. Freda A.B. Tuki",+677 23544,http://www.parliament.gov.sb/memberfiles/10th_Parliament/memberpics/Hon_FredaTuki_Soriocomua.JPG
961,Steve William Abana,"Abana, Hon. Steve William",+677 28520,http://www.parliament.gov.sb/memberfiles/10th_Parliament/memberpics/Hon_Steve_Abana.jpg
962,Matthew C. Wale,"Wale, Hon. Matthew C.",+677 28520,http://www.parliament.gov.sb/memberfiles/10th_Parliament/memberpics%5CHon_Matthew_C_Wale.jpg
963,Namson Tran,"Tran, Hon. Namson",+677 28520,http://www.parliament.gov.sb/memberfiles/10th_Parliament/memberpics%5CHon_Namson_Tran.jpg
964,Milner Tozaka,"Tozaka, Hon. Milner",+677 21250,http://www.parliament.gov.sb/memberfiles/10th_Parliament/memberpics%5CHon_Milner_Tozaka.JPG
965,Bradley Tovosia,"Tovosia, Hon. Bradley",+677 21522,http://www.parliament.gov.sb/memberfiles/10th_Parliament/memberpics%5CHon_Bradley_Tovosia.jpg
966,William Bradford Marau,"Marau, Hon. William Bradford",+677 22856/25081,http://www.parliament.gov.sb/memberfiles/10th_Parliament/memberpics%5CHon_Willie_Bradford_Marau.JPG
967,Derick Rawcliff Manu’ari,"Manu’ari, Hon. Derick Rawcliff",+677 28417/28422,http://www.parliament.gov.sb/memberfiles/10th_Parliament/memberpics%5CHon_Derrick_Manuari.JPG
