id,name,sort_name,photo,email,facebook,twitter,source,honorific_prefix,start_date,end_date,area,party,term
adams-amy,Amy Adams,"Adams, Amy",https://www.parliament.nz/media/2061/adams-amy.DmxLlw.jpg,amy.adams@parliament.govt.nz,https://www.facebook.com/MPAmyAdams,https://twitter.com/amyadamsMP,https://www.parliament.nz/en/mps-and-electorates/members-of-parliament/adams-amy/,,2014-10-20,,Selwyn,National Party,51
ardern-jacinda,Jacinda Ardern,"Ardern, Jacinda",https://www.parliament.nz/media/1234/ardern-jacinda.DmxK3w.jpg,jacinda.ardern@parliament.govt.nz,https://www.facebook.com/jacindaardern,https://twitter.com/jacindaardern,https://www.parliament.nz/en/mps-and-electorates/members-of-parliament/ardern-jacinda/,,2014-10-20,2017-02-25,List,Labour Party,51
ardern-jacinda,Jacinda Ardern,"Ardern, Jacinda",https://www.parliament.nz/media/1234/ardern-jacinda.DmxK3w.jpg,jacinda.ardern@parliament.govt.nz,https://www.facebook.com/jacindaardern,https://twitter.com/jacindaardern,https://www.parliament.nz/en/mps-and-electorates/members-of-parliament/ardern-jacinda/,,2017-02-25,,Mt Albert,Labour Party,51
bakshi-kanwaljit-singh,Kanwaljit Singh Bakshi,"Bakshi, Kanwaljit Singh",https://www.parliament.nz/media/1259/bakshi-kanwaljit-singh.DmxK4w.jpg,KanwaljitSingh.Bakshi@parliament.govt.nz,https://www.facebook.com/Bakshiks,https://twitter.com/Bakshiks,https://www.parliament.nz/en/mps-and-electorates/members-of-parliament/bakshi-kanwaljit-singh/,,2014-10-20,,List,National Party,51
ball-darroch,Darroch Ball,"Ball, Darroch",https://www.parliament.nz/media/2047/ball-darroch.DmxLkw.jpg,Darroch.Ball@parliament.govt.nz,https://www.facebook.com/darroch.ball,https://twitter.com/darrochball,https://www.parliament.nz/en/mps-and-electorates/members-of-parliament/ball-darroch/,,2014-10-20,,List,NZ First,51
barclay-todd,Todd Barclay,"Barclay, Todd",https://www.parliament.nz/media/2062/barclay-todd.DmxLlw.jpg,todd.barclay@parliament.govt.nz,https://www.facebook.com/CStoddbarclay,https://twitter.com/ToddBarclayMP,https://www.parliament.nz/en/mps-and-electorates/members-of-parliament/barclay-todd/,,2014-10-20,,Clutha-Southland,National Party,51
barry-maggie,Maggie Barry,"Barry, Maggie",https://www.parliament.nz/media/2005/barry-maggie.DmxLiQ.jpg,Maggie.Barry@parliament.govt.nz,https://www.facebook.com/maggiebarrynz,https://twitter.com/maggiebarrynz,https://www.parliament.nz/en/mps-and-electorates/members-of-parliament/barry-maggie/,,2014-10-20,,North Shore,National Party,51
bayly-andrew,Andrew Bayly,"Bayly, Andrew",https://www.parliament.nz/media/1260/bayly-andrew.DmxK4w.jpg,Andrew.bayly@parliament.govt.nz,"","",https://www.parliament.nz/en/mps-and-electorates/members-of-parliament/bayly-andrew/,,2014-10-20,,Hunua,National Party,51
bennett-david,David Bennett,"Bennett, David",https://www.parliament.nz/media/1262/bennett-david3.DmxK4w.jpg,david.bennett@parliament.govt.nz,https://www.facebook.com/david.bennettmp,https://twitter.com/davidbennettmp,https://www.parliament.nz/en/mps-and-electorates/members-of-parliament/bennett-david/,,2014-10-20,,Hamilton East,National Party,51
bennett-paula,Paula Bennett,"Bennett, Paula",https://www.parliament.nz/media/1263/bennett-paula.DmxK5A.jpg,paula.bennett@parliament.govt.nz,https://www.facebook.com/paulabennettmp,https://twitter.com/paulabennettmp,https://www.parliament.nz/en/mps-and-electorates/members-of-parliament/bennett-paula/,,2014-10-20,,Upper Harbour,National Party,51
bindra-mahesh,Mahesh Bindra,"Bindra, Mahesh",https://www.parliament.nz/media/2052/bindra-mahesh.DmxLlQ.jpg,Mahesh.bindra@parliament.govt.nz,https://www.facebook.com/mahesh.bindra.7,https://twitter.com/MaheshBindra,https://www.parliament.nz/en/mps-and-electorates/members-of-parliament/bindra-mahesh/,,2014-10-20,,List,NZ First,51
bishop-chris,Chris Bishop,"Bishop, Chris",https://www.parliament.nz/media/2030/bishop-chris.DmxLjw.jpg,Chris.bishop@parliament.govt.nz,https://www.facebook.com/chrisbishopmp,https://twitter.com/cjsbishop,https://www.parliament.nz/en/mps-and-electorates/members-of-parliament/bishop-chris/,,2014-10-20,,List,National Party,51
bond-ria,Ria Bond,"Bond, Ria",https://www.parliament.nz/media/2029/bond-ria.DmxLjw.jpg,Ria.bond@parliament.govt.nz,https://www.facebook.com/RiaBondMPNZFirst,https://twitter.com/RiaBondMP,https://www.parliament.nz/en/mps-and-electorates/members-of-parliament/bond-ria/,,2015-04-24,,List,NZ First,51
borrows-chester,Chester Borrows,"Borrows, Chester",https://www.parliament.nz/media/1269/chester-borrows-cropped.DmxK5Q.jpg,chester.borrows@parliament.govt.nz,https://www.facebook.com/chesterborrows,https://twitter.com/ChesterBorrows,https://www.parliament.nz/en/mps-and-electorates/members-of-parliament/borrows-chester/,,2014-10-20,,Whanganui,National Party,51
bridges-simon,Simon Bridges,"Bridges, Simon",https://www.parliament.nz/media/2058/bridgess.DmxLlg.jpg,simon.bridges@parliament.govt.nz,https://www.facebook.com/Simon.Bridges.MP,https://twitter.com/simonjbridges,https://www.parliament.nz/en/mps-and-electorates/members-of-parliament/bridges-simon/,,2014-10-20,,Tauranga,National Party,51
browning-steffan,Steffan Browning,"Browning, Steffan",https://www.parliament.nz/media/1270/browning-steffan.DmxK5Q.jpg,steffan.browning@parliament.govt.nz,https://www.facebook.com/steffanbrowningmp,https://twitter.com/SteffanBrowning,https://www.parliament.nz/en/mps-and-electorates/members-of-parliament/browning-steffan/,,2014-10-20,,List,Green Party,51
brownlee-gerry,Gerry Brownlee,"Brownlee, Gerry",https://www.parliament.nz/media/1271/brownlee-gerry3.DmxK5Q.jpg,gerry.brownlee@parliament.govt.nz,https://www.facebook.com/gerrybrownleemp,"",https://www.parliament.nz/en/mps-and-electorates/members-of-parliament/brownlee-gerry/,,2014-10-20,,Ilam,National Party,51
carter-david,David Carter,"Carter, David",https://www.parliament.nz/media/1273/carter-david3.DmxK5g.jpg,david.carter@parliament.govt.nz,https://www.facebook.com/DavidCarterMP,https://twitter.com/DavidCarterMP,https://www.parliament.nz/en/mps-and-electorates/members-of-parliament/carter-david/,,2014-10-20,,List,National Party,51
clark-david,David Clark,"Clark, David",https://www.parliament.nz/media/1272/clark-david3.DmxK5Q.jpg,david.clark@parliament.govt.nz,https://www.facebook.com/DavidClarkMP/,https://twitter.com/DavidClarkNZ,https://www.parliament.nz/en/mps-and-electorates/members-of-parliament/clark-david/,Dr,2014-10-20,,Dunedin North,Labour Party,51
clendon-david,David Clendon,"Clendon, David",https://www.parliament.nz/media/2059/clendon-david.DmxLlg.png,david.clendon@parliament.govt.nz,https://www.facebook.com/david.clendon,https://twitter.com/davidclendon,https://www.parliament.nz/en/mps-and-electorates/members-of-parliament/clendon-david/,,2014-10-20,,List,Green Party,51
coates-barry,Barry Coates,"Coates, Barry",https://www.parliament.nz/media/3046/coates-barry.DmxMoA.jpg,barry.coates@parliament.govt.nz,https://www.facebook.com/barrycoatesnz,https://twitter.com/BarryCoates,https://www.parliament.nz/en/mps-and-electorates/members-of-parliament/coates-barry/,,2016-10-07,,List,Green Party,51
coleman-jonathan,Jonathan Coleman,"Coleman, Jonathan",https://www.parliament.nz/media/1275/2017-jonathan-coleman-published-image.DmxK5g.jpeg,jonathan.coleman@parliament.govt.nz,https://www.facebook.com/jonathan.coleman.56,https://twitter.com/jcolemanmp,https://www.parliament.nz/en/mps-and-electorates/members-of-parliament/coleman-jonathan/,Dr,2014-10-20,,Northcote,National Party,51
collins-judith,Judith Collins,"Collins, Judith",https://www.parliament.nz/media/1276/collins-judith3.DmxK5g.jpg,judith.collins@parliament.govt.nz,https://www.facebook.com/judithcollinsmp,https://twitter.com/judithcollinsmp,https://www.parliament.nz/en/mps-and-electorates/members-of-parliament/collins-judith/,,2014-10-20,,Papakura,National Party,51
cosgrove-clayton,Clayton Cosgrove,"Cosgrove, Clayton",https://www.parliament.nz/media/1277/cosgrove-clayton3.DmxK5w.jpg,clayton.cosgrove@parliament.govt.nz,https://www.facebook.com/claytoncosgrovemp,"",https://www.parliament.nz/en/mps-and-electorates/members-of-parliament/cosgrove-clayton/,,2014-10-20,,List,Labour Party,51
curran-clare,Clare Curran,"Curran, Clare",https://www.parliament.nz/media/1279/curran-clare.DmxK5w.jpg,clare.curren@parliament.govt.nz,https://www.facebook.com/ClareCurranForDunedinSouth,https://twitter.com/ClareCurranMP,https://www.parliament.nz/en/mps-and-electorates/members-of-parliament/curran-clare/,,2014-10-20,,Dunedin South,Labour Party,51
davidson-marama,Marama Davidson,"Davidson, Marama",https://www.parliament.nz/media/1280/davidson-marama.DmxK5w.jpg,Marama.Davidson@parliament.govt.nz,https://www.facebook.com/marama.davidson,https://twitter.com/MaramaDavidson,https://www.parliament.nz/en/mps-and-electorates/members-of-parliament/davidson-marama/,,2015-11-02,,List,Green Party,51
davis-kelvin,Kelvin Davis,"Davis, Kelvin",https://www.parliament.nz/media/2032/davis-kelvin.DmxLkA.jpg,Kelvin.Davis@parliament.govt.nz,https://www.facebook.com/KelvinDavisLabour,https://twitter.com/NgatiBird,https://www.parliament.nz/en/mps-and-electorates/members-of-parliament/davis-kelvin/,,2014-10-20,,Te Tai Tokerau,Labour Party,51
dean-jacqui,Jacqui Dean,"Dean, Jacqui",https://www.parliament.nz/media/2060/dean-jacqui.DmxLlg.jpg,jacqui.dean@parliament.govt.nz,https://www.facebook.com/JacquiDeanMP,https://twitter.com/JacquiDeanMP,https://www.parliament.nz/en/mps-and-electorates/members-of-parliament/dean-jacqui/,,2014-10-20,,Waitaki,National Party,51
delahunty-catherine,Catherine Delahunty,"Delahunty, Catherine",https://www.parliament.nz/media/1283/delahunty-catherine5.DmxK6A.jpg,catherine.delahunty@parliament.govt.nz,https://www.facebook.com/catherine.delahunty,https://twitter.com/greencatherine,https://www.parliament.nz/en/mps-and-electorates/members-of-parliament/delahunty-catherine/,,2014-10-20,,List,Green Party,51
doocey-matt,Matt Doocey,"Doocey, Matt",https://www.parliament.nz/media/2035/doocey-matt.DmxLkA.jpg,matt.doocey@parliament.govt.nz,https://www.facebook.com/MattDoocey.Christchurch,"",https://www.parliament.nz/en/mps-and-electorates/members-of-parliament/doocey-matt/,,2014-10-20,,Waimakariri,National Party,51
dowie-sarah,Sarah Dowie,"Dowie, Sarah",https://www.parliament.nz/media/1284/dowie-sarah.DmxK6A.jpg,sarah.dowie@parliament.govt.nz,https://www.facebook.com/SarahDowieInvercargill,https://twitter.com/NZsarahdowie,https://www.parliament.nz/en/mps-and-electorates/members-of-parliament/dowie-sarah/,,2014-10-20,,Invercargill,National Party,51
dunne-peter,Peter Dunne,"Dunne, Peter",https://www.parliament.nz/media/1285/dunne-peter5.DmxK6Q.jpg,peter.dunne@parliament.govt.nz,"",https://twitter.com/PeterDunneMP,https://www.parliament.nz/en/mps-and-electorates/members-of-parliament/dunne-peter/,,2014-10-20,,Ōhāriu,United Future New Zealand,51
dyson-ruth,Ruth Dyson,"Dyson, Ruth",https://www.parliament.nz/media/1287/dyson-ruth5.DmxK6Q.jpg,ruth.dyson@parliament.govt.nz,https://www.facebook.com/ruthdyson.labour,https://twitter.com/RuthDysonMP,https://www.parliament.nz/en/mps-and-electorates/members-of-parliament/dyson-ruth/,,2014-10-20,,Port Hills,Labour Party,51
english-bill,Bill English,"English, Bill",https://www.parliament.nz/media/1286/english-bill5.DmxK6Q.jpg,bill.english@parliament.govt.nz,https://www.facebook.com/pmbillenglish,https://twitter.com/pmbillenglish,https://www.parliament.nz/en/mps-and-electorates/members-of-parliament/english-bill/,,2014-10-20,,List,National Party,51
faafoi-kris,Kris Faafoi,"Faafoi, Kris",https://www.parliament.nz/media/1289/faafoi-kris.DmxK6Q.jpg,kris.faafoi@parliament.govt.nz,https://www.facebook.com/krisfaafoimp,https://twitter.com/KrisinMana,https://www.parliament.nz/en/mps-and-electorates/members-of-parliament/faafoi-kris/,,2014-10-20,,Mana,Labour Party,51
finlayson-christopher,Christopher Finlayson,"Finlayson, Christopher",https://www.parliament.nz/media/1288/finlayson-chris5.DmxK6Q.jpg,"",https://www.facebook.com/CFFinlayson,https://twitter.com/chrisfinlayson,https://www.parliament.nz/en/mps-and-electorates/members-of-parliament/finlayson-christopher/,,2014-10-20,,List,National Party,51
flavell-te-ururoa,Te Ururoa Flavell,"Flavell, Te Ururoa",https://www.parliament.nz/media/1290/flavell-teururoa5.DmxK6g.jpg,teururoa.flavell@parliament.govt.nz,https://www.facebook.com/TeUruroa,https://twitter.com/TeUruroaFlavell,https://www.parliament.nz/en/mps-and-electorates/members-of-parliament/flavell-te-ururoa/,,2014-10-20,,Member for Waiariki,Māori Party,51
foss-craig,Craig Foss,"Foss, Craig",https://www.parliament.nz/media/1291/foss-craig5.DmxK6g.jpg,craig.foss@parliament.govt.nz,https://www.facebook.com/craig.foss,https://twitter.com/CraigFossMP,https://www.parliament.nz/en/mps-and-electorates/members-of-parliament/foss-craig/,,2014-10-20,,Tukituki,National Party,51
foster-bell-paul,Paul Foster-Bell,"Foster-Bell, Paul",https://www.parliament.nz/media/1292/foster-bell-paul5.DmxK6g.jpg,paul.foster-bell@parliament.govt.nz,https://www.facebook.com/pfosterbell,https://twitter.com/PARFosterBell,https://www.parliament.nz/en/mps-and-electorates/members-of-parliament/foster-bell-paul/,,2014-10-20,,List,National Party,51
fox-marama,Marama Fox,"Fox, Marama",https://www.parliament.nz/media/3633/fox-marama.DmxNLQ.jpg,marama.fox@parliament.govt.nz,"",https://twitter.com/FoxMarama,https://www.parliament.nz/en/mps-and-electorates/members-of-parliament/fox-marama/,,2014-10-20,,List,Māori Party,51
genter-julie-anne,Julie Anne Genter,"Genter, Julie Anne",https://www.parliament.nz/media/1294/genter-julie-anne.DmxK6g.jpg,julieanne.genter@parliament.govt.nz,https://www.facebook.com/JulieAnneGenter,"",https://www.parliament.nz/en/mps-and-electorates/members-of-parliament/genter-julie-anne/,,2014-10-20,,List,Green Party,51
goldsmith-paul,Paul Goldsmith,"Goldsmith, Paul",https://www.parliament.nz/media/1297/goldsmith-paul5.DmxK6w.jpg,paul.goldsmith@parliament.govt.nz,https://www.facebook.com/PaulGoldsmithNZ,https://twitter.com/PaulGoldsmithMP,https://www.parliament.nz/en/mps-and-electorates/members-of-parliament/goldsmith-paul/,,2014-10-20,,List,National Party,51
goodhew-jo,Jo Goodhew,"Goodhew, Jo",https://www.parliament.nz/media/1301/goodhew-jo.DmxK7A.jpg,jo.goodhew@parliament.govt.nz,https://www.facebook.com/JoGoodhewMP,https://twitter.com/JoGoodhewMP,https://www.parliament.nz/en/mps-and-electorates/members-of-parliament/goodhew-jo/,,2014-10-20,,Rangitata,National Party,51
graham-kennedy,Kennedy Graham,"Graham, Kennedy",https://www.parliament.nz/media/1299/kennedy-graham.DmxK6w.jpg,Kennedy.Graham@parliament.govt.nz,https://www.facebook.com/kennedygrahammp,https://twitter.com/KennedyGraham,https://www.parliament.nz/en/mps-and-electorates/members-of-parliament/graham-kennedy/,Dr,2014-10-20,,List,Green Party,51
guy-nathan,Nathan Guy,"Guy, Nathan",https://www.parliament.nz/media/1300/guy-nathan5.DmxK6w.jpg,nathan.guy@parliament.govt.nz,https://www.facebook.com/nathanguy4otaki,https://twitter.com/NathanGuyOtaki,https://www.parliament.nz/en/mps-and-electorates/members-of-parliament/guy-nathan/,,2014-10-20,,Ōtaki,National Party,51
hanare-peeni,Peeni Henare,"Henare, Peeni",https://www.parliament.nz/media/1305/henare-peeni5.DmxK7Q.jpg,peeni.henare@parliament.govt.nz,https://www.facebook.com/PeeniHenareLabour,https://twitter.com/PeeniHenare,https://www.parliament.nz/en/mps-and-electorates/members-of-parliament/hanare-peeni/,,2014-10-20,,Tāmaki Makaurau,Labour Party,51
hayes-joanne,Joanne Hayes,"Hayes, Joanne",https://www.parliament.nz/media/1303/hayes-joanne.DmxK7A.jpg,Joanne.Hayes@parliament.govt.nz,https://www.facebook.com/JoanneHayesMP/,https://twitter.com/jo_hayes1,https://www.parliament.nz/en/mps-and-electorates/members-of-parliament/hayes-joanne/,,2014-10-20,,List,National Party,51
hipkins-chris,Chris Hipkins,"Hipkins, Chris",https://www.parliament.nz/media/1304/hipkins-chris5.DmxK7A.jpg,chris.hipkins@parliament.govt.nz,https://www.facebook.com/chrishipkinsmp,https://twitter.com/chrishipkins,https://www.parliament.nz/en/mps-and-electorates/members-of-parliament/hipkins-chris/,,2014-10-20,,Rimutaka,Labour Party,51
hudson-brett,Brett Hudson,"Hudson, Brett",https://www.parliament.nz/media/1306/hudson-brett.DmxK7Q.jpg,brett.hudson@parliament.govt.nz,https://www.facebook.com/bretthudson.national,https://twitter.com/bhudson_nz,https://www.parliament.nz/en/mps-and-electorates/members-of-parliament/hudson-brett/,,2014-10-20,,List,National Party,51
hughes-gareth,Gareth Hughes,"Hughes, Gareth",https://www.parliament.nz/media/1307/hughes-gareth.DmxK7Q.jpg,gareth.hughes@parliament.govt.nz,https://www.facebook.com/garethhughesmp,https://twitter.com/GarethMP,https://www.parliament.nz/en/mps-and-electorates/members-of-parliament/hughes-gareth/,,2014-10-20,,List,Green Party,51
huo-raymond,Raymond Huo,"Huo, Raymond",https://www.parliament.nz/media/3671/huo-raymond.DmxNNw.jpg,Raymond.huo@parliament.govt.nz,https://www.facebook.com/Raymond.Huo,https://twitter.com/RaymondHuo,https://www.parliament.nz/en/mps-and-electorates/members-of-parliament/huo-raymond/,,2017-03-15,,List,Labour Party,51
joyce-steven,Steven Joyce,"Joyce, Steven",https://www.parliament.nz/media/1329/joyce-steven.DmxK8g.jpg,steven.joyce@parliament.govt.nz,https://www.facebook.com/stevenljoyce,https://twitter.com/stevenljoyce,https://www.parliament.nz/en/mps-and-electorates/members-of-parliament/joyce-steven/,,2014-10-20,,List,National Party,51
kaye-nikki,Nikki Kaye,"Kaye, Nikki",https://www.parliament.nz/media/1330/kaye-nikki.DmxK8w.jpg,nikki.kaye@parliament.govt.nz,https://www.facebook.com/NikkiKayeMP,https://twitter.com/nikkikaye,https://www.parliament.nz/en/mps-and-electorates/members-of-parliament/kaye-nikki/,,2014-10-20,,Auckland Central,National Party,51
king-annette,Annette King,"King, Annette",https://www.parliament.nz/media/1332/king-annette.DmxK8w.jpg,annette.king@parliament.govt.nz,https://www.facebook.com/annette.king.of.rongotai,https://twitter.com/annetterongotai,https://www.parliament.nz/en/mps-and-electorates/members-of-parliament/king-annette/,,2014-10-20,,Rongotai,Labour Party,51
korako-tutehounuku-nuk,Tutehounuku (Nuk) Korako,"Korako, Tutehounuku (Nuk)",https://www.parliament.nz/media/1336/korako-nuk.DmxK9A.jpg,Nuk.Korako@parliament.govt.nz,https://www.facebook.com/nukkorako.PortHills,"",https://www.parliament.nz/en/mps-and-electorates/members-of-parliament/korako-tutehounuku-nuk/,,2014-10-20,,List,National Party,51
kuriger-barbara,Barbara Kuriger,"Kuriger, Barbara",https://www.parliament.nz/media/1335/kuriger-barbara.DmxK9A.jpg,Barbara.kuriger@parliament.govt.nz,https://www.facebook.com/barbara.kuriger,https://twitter.com/BarbaraKuriger,https://www.parliament.nz/en/mps-and-electorates/members-of-parliament/kuriger-barbara/,,2014-10-20,,Taranaki-King Country,National Party,51
lee-melissa,Melissa Lee,"Lee, Melissa",https://www.parliament.nz/media/1333/lee-melissa.DmxK9A.jpg,Melissa.Lee@parliament.govt.nz,https://www.facebook.com/mpmelissalee,https://twitter.com/melissaleemp,https://www.parliament.nz/en/mps-and-electorates/members-of-parliament/lee-melissa/,,2014-10-20,,List,National Party,51
lees-galloway-iain,Iain Lees-Galloway,"Lees-Galloway, Iain",https://www.parliament.nz/media/1334/lees-galloway-iain.DmxK9A.jpg,iain.lees-galloway@parliament.govt.nz,https://www.facebook.com/ileesgalloway,https://twitter.com/iainlg,https://www.parliament.nz/en/mps-and-electorates/members-of-parliament/lees-galloway-iain/,,2014-10-20,,Palmerston North,Labour Party,51
little-andrew,Andrew Little,"Little, Andrew",https://www.parliament.nz/media/1340/little-andrew.DmxK9g.jpg,andrew.little@parliament.govt.nz,https://www.facebook.com/AndrewLittleLabour,https://twitter.com/AndrewLittleMP,https://www.parliament.nz/en/mps-and-electorates/members-of-parliament/little-andrew/,,2014-10-20,,List,Labour Party,51
logie-jan,Jan Logie,"Logie, Jan",https://www.parliament.nz/media/1339/logie-jan.DmxK9Q.jpg,jan.logie@parliament.govt.nz,https://www.facebook.com/MPJanLogie,https://twitter.com/janlogie,https://www.parliament.nz/en/mps-and-electorates/members-of-parliament/logie-jan/,,2014-10-20,,List,Green Party,51
lotu-iiga-peseta-sam,Peseta Sam Lotu-Iiga,"Lotu-Iiga, Peseta Sam",https://www.parliament.nz/media/1337/lotu-iiga-peseta-sam.DmxK9Q.jpg,peseta.sam.lotu-iiga@parliament.govt.nz,https://www.facebook.com/pesetasam.lotuiiga,https://twitter.com/MaungakiekieSAM,https://www.parliament.nz/en/mps-and-electorates/members-of-parliament/lotu-iiga-peseta-sam/,,2014-10-20,,Maungakiekie,National Party,51
macindoe-tim,Tim Macindoe,"Macindoe, Tim",https://www.parliament.nz/media/1338/macindoe-tim.DmxK9Q.jpg,tim.macindoe@parliament.govt.nz,https://www.facebook.com/TimMacindoeMP,https://twitter.com/timmacindoe,https://www.parliament.nz/en/mps-and-electorates/members-of-parliament/macindoe-tim/,,2014-10-20,,Hamilton West,National Party,51
mahuta-nanaia,Nanaia Mahuta,"Mahuta, Nanaia",https://www.parliament.nz/media/2213/mahuta-nanaia.DmxLug.jpg,nanaia.mahuta@parliament.govt.nz,https://www.facebook.com/nmahuta,https://twitter.com/NanaiaMahuta,https://www.parliament.nz/en/mps-and-electorates/members-of-parliament/mahuta-nanaia/,,2014-10-20,,Hauraki-Waikato,Labour Party,51
mallard-trevor,Trevor Mallard,"Mallard, Trevor",https://www.parliament.nz/media/1347/mallard-trevor.DmxK-Q.jpg,trevor.mallard@parliament.govt.nz,https://www.facebook.com/TrevorMallardMP,https://twitter.com/TrevorMallard,https://www.parliament.nz/en/mps-and-electorates/members-of-parliament/mallard-trevor/,,2014-10-20,,Hutt South,Labour Party,51
mark-ron,Ron Mark,"Mark, Ron",https://www.parliament.nz/media/1342/mark-ron.DmxK9w.jpg,ron.mark@parliament.govt.nz,https://www.facebook.com/RonMarkMP,"",https://www.parliament.nz/en/mps-and-electorates/members-of-parliament/mark-ron/,,2014-10-20,,List,NZ First,51
martin-tracey,Tracey Martin,"Martin, Tracey",https://www.parliament.nz/media/2045/martin-tracey.DmxLkw.jpg,tracey.martin@parliament.govt.nz,https://www.facebook.com/tracey.martinmp,https://twitter.com/traceymartinmp,https://www.parliament.nz/en/mps-and-electorates/members-of-parliament/martin-tracey/,,2014-10-20,,List,NZ First,51
mathers-mojo,Mojo Mathers,"Mathers, Mojo",https://www.parliament.nz/media/2215/mathers-mojo.DmxLuw.jpg,Mojo.Mathers@parliament.govt.nz,https://www.facebook.com/mojomathersMP/,https://twitter.com/mojomathers,https://www.parliament.nz/en/mps-and-electorates/members-of-parliament/mathers-mojo/,,2014-10-20,,List,Green Party,51
mcclay-todd,Todd McClay,"McClay, Todd",https://www.parliament.nz/media/1346/mcclay-todd.DmxK-Q.jpg,todd.mcclay@parliament.govt.nz,https://www.facebook.com/Todd.McClay.MP,"",https://www.parliament.nz/en/mps-and-electorates/members-of-parliament/mcclay-todd/,,2014-10-20,,Rotorua,National Party,51
mccully-murray,Murray McCully,"McCully, Murray",https://www.parliament.nz/media/1344/mccully_murray.DmxK-A.jpg,murray.mccully@parliament.govt.nz,"","",https://www.parliament.nz/en/mps-and-electorates/members-of-parliament/mccully-murray/,,2014-10-20,,East Coast Bays,National Party,51
mckelvie-ian,Ian McKelvie,"McKelvie, Ian",https://www.parliament.nz/media/1351/mckelvie-ian.DmxK-g.jpg,ian.mckelvie@parliament.govt.nz,https://www.facebook.com/IanMcKelvieMP,https://twitter.com/ianmckelviemp,https://www.parliament.nz/en/mps-and-electorates/members-of-parliament/mckelvie-ian/,,2014-10-20,,Rangitīkei,National Party,51
mitchell-clayton,Clayton Mitchell,"Mitchell, Clayton",https://www.parliament.nz/media/1348/mitchell-clayton.DmxK-Q.jpg,clayton.mitchell@parliament.govt.nz,https://www.facebook.com/seemitchell,https://twitter.com/tickclayton,https://www.parliament.nz/en/mps-and-electorates/members-of-parliament/mitchell-clayton/,,2014-10-20,,List,NZ First,51
mitchell-mark,Mark Mitchell,"Mitchell, Mark",https://www.parliament.nz/media/1350/mitchell-mark.DmxK-g.jpg,Mark.Mitchell@parliament.govt.nz,https://www.facebook.com/markmitchellmp,https://twitter.com/MarkMitchellMP,https://www.parliament.nz/en/mps-and-electorates/members-of-parliament/mitchell-mark/,,2014-10-20,,Rodney,National Party,51
moroney-sue,Sue Moroney,"Moroney, Sue",https://www.parliament.nz/media/1349/moroney-sue.DmxK-Q.jpg,sue.moroney@parliament.govt.nz,https://www.facebook.com/suemoroney,https://twitter.com/suemoroney,https://www.parliament.nz/en/mps-and-electorates/members-of-parliament/moroney-sue/,,2014-10-20,,List,Labour Party,51
muller-todd,Todd Muller,"Muller, Todd",https://www.parliament.nz/media/1352/muller-todd.DmxK-g.jpg,Todd.muller@parliament.govt.nz,https://www.facebook.com/ToddMullerMP/,https://twitter.com/toddmullerBoP,https://www.parliament.nz/en/mps-and-electorates/members-of-parliament/muller-todd/,,2014-10-20,,Bay of Plenty,National Party,51
nash-stuart,Stuart Nash,"Nash, Stuart",https://www.parliament.nz/media/1356/nash-stuart.DmxK_Q.jpg,Stuart.nash@parliament.govt.nz,https://www.facebook.com/stuartnash.napier/,"",https://www.parliament.nz/en/mps-and-electorates/members-of-parliament/nash-stuart/,,2014-10-20,,Napier,Labour Party,51
naylor-jono,Jono Naylor,"Naylor, Jono",https://www.parliament.nz/media/1355/naylor-jono.DmxK-w.jpg,Jono.naylor@parliament.govt.nz,https://www.facebook.com/jononaylor1,https://twitter.com/jono_naylor,https://www.parliament.nz/en/mps-and-electorates/members-of-parliament/naylor-jono/,,2014-10-20,,List,National Party,51
ngaro-alfred,Alfred Ngaro,"Ngaro, Alfred",https://www.parliament.nz/media/1354/ngaro-alfred.DmxK-w.jpg,alfred.ngaro@parliament.govt.nz,https://www.facebook.com/alfred.ngaro,https://twitter.com/AlfredNgaroMP,https://www.parliament.nz/en/mps-and-electorates/members-of-parliament/ngaro-alfred/,,2014-10-20,,List,National Party,51
oconnor-damien,Damien O'Connor,"O'Connor, Damien",https://www.parliament.nz/media/1358/oconnor-damien.DmxK_Q.jpg,damien.oconnor@parliament.govt.nz,https://www.facebook.com/damienoconnormp,https://twitter.com/DamienOConnorMP,https://www.parliament.nz/en/mps-and-electorates/members-of-parliament/oconnor-damien/,,2014-10-20,,West Coast-Tasman,Labour Party,51
oconnor-simon,Simon O'Connor,"O'Connor, Simon",https://www.parliament.nz/media/1357/oconnor-simon.DmxK_Q.jpg,simon.oconnor@parliament.govt.nz,http://www.facebook.com/SimonOConnorMP,https://twitter.com/SimonOConnorMP,https://www.parliament.nz/en/mps-and-electorates/members-of-parliament/oconnor-simon/,,2014-10-20,,Tāmaki,National Party,51
orourke-denis,Denis O'Rourke,"O'Rourke, Denis",https://www.parliament.nz/media/1359/orourke-denis.DmxK_g.jpg,denis.orourke@parliament.govt.nz,"","",https://www.parliament.nz/en/mps-and-electorates/members-of-parliament/orourke-denis/,,2014-10-20,,List,NZ First,51
paraone-pita,Pita Paraone,"Paraone, Pita",https://www.parliament.nz/media/1361/paraone-pita.DmxK_g.jpg,pita.paraone@parliament.govt.nz,https://www.facebook.com/pita.paraone,"",https://www.parliament.nz/en/mps-and-electorates/members-of-parliament/paraone-pita/,,2014-10-20,,List,NZ First,51
parata-hekia,Hekia Parata,"Parata, Hekia",https://www.parliament.nz/media/1360/parata-hekia.DmxK_g.jpg,hekia.parata@parliament.govt.nz,https://www.facebook.com/hekia.parata,https://twitter.com/hekiaparata,https://www.parliament.nz/en/mps-and-electorates/members-of-parliament/parata-hekia/,,2014-10-20,,List,National Party,51
parker-david,David Parker,"Parker, David",https://www.parliament.nz/media/1362/parker-david.DmxLAA.jpg,david.parker@parliament.govt.nz,"",https://twitter.com/DavidParkerMP,https://www.parliament.nz/en/mps-and-electorates/members-of-parliament/parker-david/,,2014-10-20,,List,Labour Party,51
parmar-parmjeet,Parmjeet Parmar,"Parmar, Parmjeet",https://www.parliament.nz/media/1363/parmar-parmjeet.DmxLAA.jpg,parmar.parmjeet@parliament.govt.nz,https://www.facebook.com/DrParmjeetParmarMP,"",https://www.parliament.nz/en/mps-and-electorates/members-of-parliament/parmar-parmjeet/,Dr,2014-10-20,,List,National Party,51
peters-winston,Winston Peters,"Peters, Winston",https://www.parliament.nz/media/1395/peters-winston.DmxLCQ.jpg,winston.peters@parliament.govt.nz,https://www.facebook.com/winstonpeters,https://twitter.com/winstonpeters,https://www.parliament.nz/en/mps-and-electorates/members-of-parliament/peters-winston/,,2014-10-20,2015-04-23,List,NZ First,51
peters-winston,Winston Peters,"Peters, Winston",https://www.parliament.nz/media/1395/peters-winston.DmxLCQ.jpg,winston.peters@parliament.govt.nz,https://www.facebook.com/winstonpeters,https://twitter.com/winstonpeters,https://www.parliament.nz/en/mps-and-electorates/members-of-parliament/peters-winston/,,2015-03-28,,Northland,NZ First,51
prosser-richard,Richard Prosser,"Prosser, Richard",https://www.parliament.nz/media/1364/prosser-richard.DmxLAQ.jpg,richard.prosser@parliament.govt.nz,https://www.facebook.com/richard.prosser1,https://twitter.com/richard_prosser,https://www.parliament.nz/en/mps-and-electorates/members-of-parliament/prosser-richard/,,2014-10-20,,List,NZ First,51
pugh-maureen,Maureen Pugh,"Pugh, Maureen",https://www.parliament.nz/media/1974/pugh-maureen.DmxLfw.png,maureen.pugh@parliament.govt.nz,https://www.facebook.com/wct.maureenpugh,https://twitter.com/mpformp,https://www.parliament.nz/en/mps-and-electorates/members-of-parliament/pugh-maureen/,,2015-12-21,,List,National Party,51
reti-shane,Shane Reti,"Reti, Shane",https://www.parliament.nz/media/1365/reti-shane.DmxLAQ.jpg,shane.reti@parliament.govt.nz,https://www.facebook.com/drshanereti,"",https://www.parliament.nz/en/mps-and-electorates/members-of-parliament/reti-shane/,Dr,2014-10-20,,Whangarei,National Party,51
robertson-grant,Grant Robertson,"Robertson, Grant",https://www.parliament.nz/media/1367/robertson-grant.DmxLAQ.jpg,grant.robertson@parliament.govt.nz,https://www.facebook.com/GrantRobertsonLabour,https://twitter.com/grantrobertson1,https://www.parliament.nz/en/mps-and-electorates/members-of-parliament/robertson-grant/,,2014-10-20,,Wellington Central,Labour Party,51
roche-denise,Denise Roche,"Roche, Denise",https://www.parliament.nz/media/1368/roche-denise.DmxLAQ.jpg,denise.roche@parliament.govt.nz,https://www.facebook.com/DeniseRocheMP,https://twitter.com/DeniseRocheMP,https://www.parliament.nz/en/mps-and-electorates/members-of-parliament/roche-denise/,,2014-10-20,,List,Green Party,51
ross-jami-lee,Jami-Lee Ross,"Ross, Jami-Lee",https://www.parliament.nz/media/1371/ross-jami-lee.DmxLBA.jpg,jami-lee.ross@parliament.govt.nz,"",https://twitter.com/jamileeross,https://www.parliament.nz/en/mps-and-electorates/members-of-parliament/ross-jami-lee/,,2014-10-20,,Botany,National Party,51
rurawhe-adrian,Adrian Rurawhe,"Rurawhe, Adrian",https://www.parliament.nz/media/1369/rurawhe-adrian.DmxLAw.jpg,Adrian.rurawhe@parliament.govt.nz,https://www.facebook.com/RurawheAdrian,https://twitter.com/adrianrurawhe,https://www.parliament.nz/en/mps-and-electorates/members-of-parliament/rurawhe-adrian/,,2014-10-20,,Te Tai Hauāuru,Labour Party,51
sage-eugenie,Eugenie Sage,"Sage, Eugenie",https://www.parliament.nz/media/1370/sage-eugenie.DmxLAw.jpg,eugenie.sage@parliament.govt.nz,https://www.facebook.com/Eugenie-Sage-MP,https://twitter.com/EugenieSage,https://www.parliament.nz/en/mps-and-electorates/members-of-parliament/sage-eugenie/,,2014-10-20,,List,Green Party,51
salesa-jenny,Jenny Salesa,"Salesa, Jenny",https://www.parliament.nz/media/2216/salesa-jenny.DmxLuw.jpg,Jenny.Salesa@parliament.govt.nz,https://www.facebook.com/jenny.salesa.labour,https://twitter.com/JennySalesa,https://www.parliament.nz/en/mps-and-electorates/members-of-parliament/salesa-jenny/,,2014-10-20,,Manukau East,Labour Party,51
scott-alastair,Alastair Scott,"Scott, Alastair",https://www.parliament.nz/media/1373/scott-alastair.DmxLBA.jpg,Alastair.scott@parliament.govt.nz,https://www.facebook.com/alastairscottforwairarapa/,https://twitter.com/ascottwairarapa,https://www.parliament.nz/en/mps-and-electorates/members-of-parliament/scott-alastair/,,2014-10-20,,Wairarapa,National Party,51
sepuloni-carmel,Carmel Sepuloni,"Sepuloni, Carmel",https://www.parliament.nz/media/1374/sepuloni-carmel.DmxLBA.jpg,carmel.sepuloni@parliament.govt.nz,"",https://twitter.com/CarmelSepuloni,https://www.parliament.nz/en/mps-and-electorates/members-of-parliament/sepuloni-carmel/,,2014-10-20,,Kelston,Labour Party,51
seymour-david,David Seymour,"Seymour, David",https://www.parliament.nz/media/2066/seymour-david.DmxLmA.jpg,david.seymour@parliament.govt.nz,https://www.facebook.com/davidseymourACT,https://twitter.com/dbseymour,https://www.parliament.nz/en/mps-and-electorates/members-of-parliament/seymour-david/,,2014-10-20,,Epsom,ACT Party,51
shaw-james,James Shaw,"Shaw, James",https://www.parliament.nz/media/1376/shaw-james.DmxLBQ.jpg,james.shaw@parliament.govt.nz,https://www.facebook.com/JamesShawMP,https://twitter.com/jamespeshaw,https://www.parliament.nz/en/mps-and-electorates/members-of-parliament/shaw-james/,,2014-10-20,,List,Green Party,51
simpson-scott,Scott Simpson,"Simpson, Scott",https://www.parliament.nz/media/1377/simpson-scott.DmxLBQ.jpg,scott.simpson@parliament.govt.nz,https://www.facebook.com/scottsimpsonmp,https://twitter.com/ScottSimpsonMP,https://www.parliament.nz/en/mps-and-electorates/members-of-parliament/simpson-scott/,,2014-10-20,,Coromandel,National Party,51
sio-aupito-william,Aupito Su’a William Sio,"Sio, William",https://www.parliament.nz/media/1378/sio-aupito-william.DmxLBQ.jpg,Aupito.william.sio@parliament.govt.nz,https://www.facebook.com/aupitowilliamsio,https://twitter.com/aupitowsio_mp,https://www.parliament.nz/en/mps-and-electorates/members-of-parliament/sio-aupito-william/,,2014-10-20,,Māngere,Labour Party,51
smith-nick,Nick Smith,"Smith, Nick",https://www.parliament.nz/media/1380/smith-nick.DmxLBg.jpg,nick.smith@parliament.govt.nz,https://www.facebook.com/nicksmithmp,"",https://www.parliament.nz/en/mps-and-electorates/members-of-parliament/smith-nick/,Dr,2014-10-20,,Nelson,National Party,51
smith-stuart,Stuart Smith,"Smith, Stuart",https://www.parliament.nz/media/1379/smith-stuart.DmxLBg.jpg,Stuart.smith@parliament.govt.nz,https://www.facebook.com/stuartsmith.national,https://twitter.com/stuartsmithmp,https://www.parliament.nz/en/mps-and-electorates/members-of-parliament/smith-stuart/,,2014-10-20,,Kaikōura,National Party,51
stewart-barbara,Barbara Stewart,"Stewart, Barbara",https://www.parliament.nz/media/1382/stewart-barbara.DmxLBg.jpg,barbara.stewart@parliament.govt.nz,https://www.facebook.com/barbarastewartmp,"",https://www.parliament.nz/en/mps-and-electorates/members-of-parliament/stewart-barbara/,,2014-10-20,,List,NZ First,51
tabuteau-fletcher,Fletcher Tabuteau,"Tabuteau, Fletcher",https://www.parliament.nz/media/1383/tabuteau-fletcher2.DmxLBw.jpg,Fletcher.Tabuteau@parliament.govt.nz,https://www.facebook.com/tabuteaunzfirst,https://twitter.com/TabuteauNZFirst,https://www.parliament.nz/en/mps-and-electorates/members-of-parliament/tabuteau-fletcher/,,2014-10-20,,List,NZ First,51
tirikatene-rino,Rino Tirikatene,"Tirikatene, Rino",https://www.parliament.nz/media/1384/tirikatene-rino.DmxLBw.jpg,rino.tirikatene@parliament.govt.nz,https://www.facebook.com/rino.tirikatene.3,https://twitter.com/RinoTirikatene,https://www.parliament.nz/en/mps-and-electorates/members-of-parliament/tirikatene-rino/,,2014-10-20,,Te Tai Tonga,Labour Party,51
tisch-lindsay,Lindsay Tisch,"Tisch, Lindsay",https://www.parliament.nz/media/1387/tisch-lindsay.DmxLBw.jpg,Lindsay.Tisch@parliament.govt.nz,"","",https://www.parliament.nz/en/mps-and-electorates/members-of-parliament/tisch-lindsay/,,2014-10-20,,Waikato,National Party,51
tolley-anne,Anne Tolley,"Tolley, Anne",https://www.parliament.nz/media/1400/tolley-anne.DmxLCg.jpg,anne.tolley@parliament.govt.nz,https://www.facebook.com/honannetolley,https://twitter.com/AnneTolleyMP,https://www.parliament.nz/en/mps-and-electorates/members-of-parliament/tolley-anne/,,2014-10-20,,East Coast,National Party,51
turei-metiria,Metiria Turei,"Turei, Metiria",https://www.parliament.nz/media/4165/turei-metria.DmxN2Q.jpg,metiria.turei@parliament.govt.nz,https://www.facebook.com/metiria,https://twitter.com/metiria,https://www.parliament.nz/en/mps-and-electorates/members-of-parliament/turei-metiria/,,2014-10-20,,List,Green Party,51
twyford-phil,Phil Twyford,"Twyford, Phil",https://www.parliament.nz/media/1388/twyford-phil.DmxLCA.jpg,phil.twyford@parliament.govt.nz,https://www.facebook.com/phil.twyford.1,https://twitter.com/philtwyford,https://www.parliament.nz/en/mps-and-electorates/members-of-parliament/twyford-phil/,,2014-10-20,,Te Atatū,Labour Party,51
upston-louise,Louise Upston,"Upston, Louise",https://www.parliament.nz/media/1389/upston-louise.DmxLCA.jpg,louise.upston@parliament.govt.nz,https://www.facebook.com/louise.upston,https://twitter.com/LouiseUpston,https://www.parliament.nz/en/mps-and-electorates/members-of-parliament/upston-louise/,,2014-10-20,,Taupō,National Party,51
wagner-nicky,Nicky Wagner,"Wagner, Nicky",https://www.parliament.nz/media/1390/wagner-nicky.DmxLCA.jpg,nicky.wagner@parliament.govt.nz,https://www.facebook.com/nickywagnermp,https://twitter.com/nickywagner,https://www.parliament.nz/en/mps-and-electorates/members-of-parliament/wagner-nicky/,,2014-10-20,,Christchurch Central,National Party,51
wall-louisa,Louisa Wall,"Wall, Louisa",https://www.parliament.nz/media/1391/wall-louisa2.DmxLCA.jpg,louisa.wall@parliament.govt.nz,https://www.facebook.com/louisawall.labourmanurewa,"",https://www.parliament.nz/en/mps-and-electorates/members-of-parliament/wall-louisa/,,2014-10-20,,Manurewa,Labour Party,51
whaitiri-meka,Meka Whaitiri,"Whaitiri, Meka",https://www.parliament.nz/media/1393/whaitiri-meka.DmxLCQ.jpg,meka.whaitiri@parliament.govt.nz,https://www.facebook.com/MekaIkaroaRawhiti,"",https://www.parliament.nz/en/mps-and-electorates/members-of-parliament/whaitiri-meka/,,2014-10-20,,Ikaroa-Rāwhiti,Labour Party,51
williams-poto,Poto Williams,"Williams, Poto",https://www.parliament.nz/media/1394/willams-poto2.DmxLCQ.jpg,poto.williams@parliament.govt.nz,https://www.facebook.com/poto.williams.7,https://twitter.com/PotoChchEast,https://www.parliament.nz/en/mps-and-electorates/members-of-parliament/williams-poto/,,2014-10-20,,Christchurch East,Labour Party,51
williamson-maurice,Maurice Williamson,"Williamson, Maurice",https://www.parliament.nz/media/1392/williamson-maurice2.DmxLCA.jpg,Maurice.Williamson@parliament.govt.nz,"",https://twitter.com/williamson_nz,https://www.parliament.nz/en/mps-and-electorates/members-of-parliament/williamson-maurice/,,2014-10-20,,Pakuranga,National Party,51
wood-michael,Michael Wood,"Wood, Michael",https://www.parliament.nz/media/3893/wood-michael.DmxNbw.jpg,Michael.Wood@parliament.govt.nz,https://www.facebook.com/mwoodnz,https://twitter.com/michaelwoodnz,https://www.parliament.nz/en/mps-and-electorates/members-of-parliament/wood-michael/,,2016-12-03,,Mt Roskill,Labour,51
woodhouse-michael,Michael Woodhouse,"Woodhouse, Michael",https://www.parliament.nz/media/1396/woodhouse-michael2.DmxLCQ.jpg,Michael.Woodhouse@parliament.govt.nz,https://www.facebook.com/michael.woodhousemp,https://twitter.com/WoodhouseMP,https://www.parliament.nz/en/mps-and-electorates/members-of-parliament/woodhouse-michael/,,2014-10-20,,List,National Party,51
woods-megan,Megan Woods,"Woods, Megan",https://www.parliament.nz/media/1397/woods-megan2.DmxLCg.jpg,Megan.Woods@parliament.govt.nz,https://www.facebook.com/megancwoods,https://twitter.com/Megan_Woods,https://www.parliament.nz/en/mps-and-electorates/members-of-parliament/woods-megan/,Dr,2014-10-20,,Wigram,Labour Party,51
yang-jian,Jian Yang,"Yang, Jian",https://www.parliament.nz/media/1399/yang-jian2.DmxLCg.jpg,jian.yang@parliament.govt.nz,https://www.facebook.com/JianYangMP,"",https://www.parliament.nz/en/mps-and-electorates/members-of-parliament/yang-jian/,Dr,2014-10-20,,List,National Party,51
young-jonathan,Jonathan Young,"Young, Jonathan",https://www.parliament.nz/media/1398/young-jonathan2.DmxLCg.jpg,jonathan.young@parliament.govt.nz,https://www.facebook.com/jonathan.youngmp,https://twitter.com/JonathanYoungMP,https://www.parliament.nz/en/mps-and-electorates/members-of-parliament/young-jonathan/,,2014-10-20,,New Plymouth,National Party,51
